Item_ID,Item_Name,Category,Dispatch_Date,Dispatch_Quantity,Warehouse,Inbound_Date,Inbound_Quantity,Supplier,Lead_Time_Days,Stock_Level_Before_Dispatch,Stock_Level_After_Dispatch
83321-006-001-000-000-LEAFTE-050G-RIL.LAP.SOUCH,CANISTER POUCH RILHENA CEYLON CINNAMON SOUCHONG (STD KWPL008)/50G/06,FINISHED GOODS,2024-04-16,33,Warehouse 1,2024-04-13,24,Supplier E,7,152,143
83321-006-001-000-000-LEAFTE-050G-RIL.LAP.SOUCH,CANISTER POUCH RILHENA CEYLON CINNAMON SOUCHONG (STD KWPL008)/50G/06,FINISHED GOODS,2024-08-02,43,Warehouse 1,2024-08-02,28,Supplier C,10,143,128
83321-006-001-000-000-LEAFTE-050G-RIL.LAP.SOUCH,CANISTER POUCH RILHENA CEYLON CINNAMON SOUCHONG (STD KWPL008)/50G/06,FINISHED GOODS,2024-05-31,40,Warehouse 1,2024-05-23,49,Supplier E,4,128,137
83321-006-001-000-000-LEAFTE-050G-RIL.LAP.SOUCH,CANISTER POUCH RILHENA CEYLON CINNAMON SOUCHONG (STD KWPL008)/50G/06,FINISHED GOODS,2024-10-20,28,Warehouse 1,2024-10-11,53,Supplier D,7,137,162
83321-006-001-000-000-LEAFTE-050G-RIL.LAP.SOUCH,CANISTER POUCH RILHENA CEYLON CINNAMON SOUCHONG (STD KWPL008)/50G/06,FINISHED GOODS,2024-01-22,37,Warehouse 1,2024-01-23,21,Supplier A,3,162,146
83315-006-001-000-000-LEAFTE-050G-CRA.MIS.CURL,CANISTER POUCH CRAIGHEAD MISTY CURLS (STD  KWPL002)/50G/06,FINISHED GOODS,2024-07-06,46,Warehouse 1,2024-07-11,37,Supplier C,14,108,99
83315-006-001-000-000-LEAFTE-050G-CRA.MIS.CURL,CANISTER POUCH CRAIGHEAD MISTY CURLS (STD  KWPL002)/50G/06,FINISHED GOODS,2024-05-14,7,Warehouse 1,2024-05-12,46,Supplier B,6,99,138
83315-006-001-000-000-LEAFTE-050G-CRA.MIS.CURL,CANISTER POUCH CRAIGHEAD MISTY CURLS (STD  KWPL002)/50G/06,FINISHED GOODS,2024-08-29,29,Warehouse 1,2024-08-27,23,Supplier B,7,138,132
83315-006-001-000-000-LEAFTE-050G-CRA.MIS.CURL,CANISTER POUCH CRAIGHEAD MISTY CURLS (STD  KWPL002)/50G/06,FINISHED GOODS,2024-04-01,6,Warehouse 1,2024-04-05,29,Supplier D,9,132,155
83315-006-001-000-000-LEAFTE-050G-CRA.MIS.CURL,CANISTER POUCH CRAIGHEAD MISTY CURLS (STD  KWPL002)/50G/06,FINISHED GOODS,2024-02-04,48,Warehouse 1,2024-02-07,17,Supplier A,6,155,124
80198-006-R00-CHN-RCL-0020ST-2.0G-VKCP,EXCEPTIONAL LEAF TBAG 020/2.0g/06 VALLEY OF KINGS CEY.PEKOE,FINISHED GOODS,2024-01-02,44,Warehouse 1,2023-12-28,13,Supplier B,6,99,68
80198-006-R00-CHN-RCL-0020ST-2.0G-VKCP,EXCEPTIONAL LEAF TBAG 020/2.0g/06 VALLEY OF KINGS CEY.PEKOE,FINISHED GOODS,2024-08-05,33,Warehouse 1,2024-08-06,27,Supplier B,12,68,62
80198-006-R00-CHN-RCL-0020ST-2.0G-VKCP,EXCEPTIONAL LEAF TBAG 020/2.0g/06 VALLEY OF KINGS CEY.PEKOE,FINISHED GOODS,2024-09-27,40,Warehouse 1,2024-09-24,23,Supplier D,11,62,45
80198-006-R00-CHN-RCL-0020ST-2.0G-VKCP,EXCEPTIONAL LEAF TBAG 020/2.0g/06 VALLEY OF KINGS CEY.PEKOE,FINISHED GOODS,2024-07-26,44,Warehouse 1,2024-07-28,30,Supplier B,7,45,31
80198-006-R00-CHN-RCL-0020ST-2.0G-VKCP,EXCEPTIONAL LEAF TBAG 020/2.0g/06 VALLEY OF KINGS CEY.PEKOE,FINISHED GOODS,2024-08-04,28,Warehouse 1,2024-08-06,35,Supplier A,3,31,38
80178-006-R00-CHN-RCL-0020ST-2.0G-BS,EXCEPTIONAL LEAF TBAG 020/2.0g/06 BERRY SENSATION,FINISHED GOODS,2024-05-08,11,Warehouse 1,2024-05-09,18,Supplier C,5,394,401
80178-006-R00-CHN-RCL-0020ST-2.0G-BS,EXCEPTIONAL LEAF TBAG 020/2.0g/06 BERRY SENSATION,FINISHED GOODS,2024-06-11,21,Warehouse 1,2024-06-03,17,Supplier A,13,401,397
80178-006-R00-CHN-RCL-0020ST-2.0G-BS,EXCEPTIONAL LEAF TBAG 020/2.0g/06 BERRY SENSATION,FINISHED GOODS,2024-08-18,9,Warehouse 1,2024-08-16,51,Supplier D,9,397,439
80178-006-R00-CHN-RCL-0020ST-2.0G-BS,EXCEPTIONAL LEAF TBAG 020/2.0g/06 BERRY SENSATION,FINISHED GOODS,2024-09-24,13,Warehouse 1,2024-09-15,17,Supplier A,9,439,443
80178-006-R00-CHN-RCL-0020ST-2.0G-BS,EXCEPTIONAL LEAF TBAG 020/2.0g/06 BERRY SENSATION,FINISHED GOODS,2024-10-19,27,Warehouse 1,2024-10-11,33,Supplier D,10,443,449
80178-006-R00-CHN-RCL-0020ST-2.0G-BS,EXCEPTIONAL LEAF TBAG 020/2.0g/06 BERRY SENSATION,FINISHED GOODS,2024-08-14,31,Warehouse 1,2024-08-08,44,Supplier C,3,263,276
80178-006-R00-CHN-RCL-0020ST-2.0G-BS,EXCEPTIONAL LEAF TBAG 020/2.0g/06 BERRY SENSATION,FINISHED GOODS,2024-09-11,9,Warehouse 1,2024-09-14,35,Supplier C,11,276,302
80178-006-R00-CHN-RCL-0020ST-2.0G-BS,EXCEPTIONAL LEAF TBAG 020/2.0g/06 BERRY SENSATION,FINISHED GOODS,2024-02-11,19,Warehouse 1,2024-02-13,24,Supplier C,9,302,307
80178-006-R00-CHN-RCL-0020ST-2.0G-BS,EXCEPTIONAL LEAF TBAG 020/2.0g/06 BERRY SENSATION,FINISHED GOODS,2024-08-09,36,Warehouse 1,2024-08-03,13,Supplier E,13,307,284
80178-006-R00-CHN-RCL-0020ST-2.0G-BS,EXCEPTIONAL LEAF TBAG 020/2.0g/06 BERRY SENSATION,FINISHED GOODS,2024-01-13,33,Warehouse 1,2024-01-09,45,Supplier C,5,284,296
80184-006-R00-CHN-RCL-0020ST-2.0G-FJAS,EXCEPTIONAL LEAF TBAG 020/2.0g/06 FRAGRANT JASMINE GREEN TEA,FINISHED GOODS,2024-06-18,32,Warehouse 1,2024-06-20,11,Supplier A,7,135,114
80184-006-R00-CHN-RCL-0020ST-2.0G-FJAS,EXCEPTIONAL LEAF TBAG 020/2.0g/06 FRAGRANT JASMINE GREEN TEA,FINISHED GOODS,2024-01-28,10,Warehouse 1,2024-01-29,37,Supplier D,6,114,141
80184-006-R00-CHN-RCL-0020ST-2.0G-FJAS,EXCEPTIONAL LEAF TBAG 020/2.0g/06 FRAGRANT JASMINE GREEN TEA,FINISHED GOODS,2024-05-07,34,Warehouse 1,2024-05-03,20,Supplier A,3,141,127
80184-006-R00-CHN-RCL-0020ST-2.0G-FJAS,EXCEPTIONAL LEAF TBAG 020/2.0g/06 FRAGRANT JASMINE GREEN TEA,FINISHED GOODS,2024-08-20,31,Warehouse 1,2024-08-12,22,Supplier C,11,127,118
80184-006-R00-CHN-RCL-0020ST-2.0G-FJAS,EXCEPTIONAL LEAF TBAG 020/2.0g/06 FRAGRANT JASMINE GREEN TEA,FINISHED GOODS,2024-08-21,41,Warehouse 1,2024-08-22,42,Supplier C,8,118,119
80185-006-R00-CHN-RCL-0020ST-2.0G-GEN.MTY.GT,EXCEPTIONAL LEAF TBAG 020/2.0g/06 GENTLE MINTY GREEN TEA,FINISHED GOODS,2024-08-20,36,Warehouse 1,2024-08-29,33,Supplier A,3,209,206
80185-006-R00-CHN-RCL-0020ST-2.0G-GEN.MTY.GT,EXCEPTIONAL LEAF TBAG 020/2.0g/06 GENTLE MINTY GREEN TEA,FINISHED GOODS,2024-04-22,16,Warehouse 1,2024-04-16,48,Supplier A,10,206,238
80185-006-R00-CHN-RCL-0020ST-2.0G-GEN.MTY.GT,EXCEPTIONAL LEAF TBAG 020/2.0g/06 GENTLE MINTY GREEN TEA,FINISHED GOODS,2024-01-02,21,Warehouse 1,2023-12-24,58,Supplier D,8,238,275
80185-006-R00-CHN-RCL-0020ST-2.0G-GEN.MTY.GT,EXCEPTIONAL LEAF TBAG 020/2.0g/06 GENTLE MINTY GREEN TEA,FINISHED GOODS,2024-08-11,27,Warehouse 1,2024-08-01,46,Supplier A,5,275,294
80185-006-R00-CHN-RCL-0020ST-2.0G-GEN.MTY.GT,EXCEPTIONAL LEAF TBAG 020/2.0g/06 GENTLE MINTY GREEN TEA,FINISHED GOODS,2024-08-05,6,Warehouse 1,2024-07-31,53,Supplier D,9,294,341
80169-006-R00-CHN-RCL-TNCADY-125G-RW,TIN CADDY 125g/06 (A) RANWATTE,FINISHED GOODS,2024-10-06,21,Warehouse 1,2024-09-30,47,Supplier D,4,252,278
80169-006-R00-CHN-RCL-TNCADY-125G-RW,TIN CADDY 125g/06 (A) RANWATTE,FINISHED GOODS,2024-08-27,10,Warehouse 1,2024-09-01,31,Supplier A,11,278,299
80169-006-R00-CHN-RCL-TNCADY-125G-RW,TIN CADDY 125g/06 (A) RANWATTE,FINISHED GOODS,2024-09-15,10,Warehouse 1,2024-09-24,25,Supplier D,13,299,314
80169-006-R00-CHN-RCL-TNCADY-125G-RW,TIN CADDY 125g/06 (A) RANWATTE,FINISHED GOODS,2024-05-26,40,Warehouse 1,2024-06-04,28,Supplier D,11,314,302
80169-006-R00-CHN-RCL-TNCADY-125G-RW,TIN CADDY 125g/06 (A) RANWATTE,FINISHED GOODS,2024-05-07,37,Warehouse 1,2024-05-03,49,Supplier B,10,302,314
80624-006-FS0-CHN-RCL-TNCADY-150G-JAS,VIVID T/C 150g/06 JASMINE GREEN TEA,FINISHED GOODS,2024-05-30,15,Warehouse 1,2024-05-29,37,Supplier C,9,178,200
80624-006-FS0-CHN-RCL-TNCADY-150G-JAS,VIVID T/C 150g/06 JASMINE GREEN TEA,FINISHED GOODS,2024-04-21,20,Warehouse 1,2024-04-30,35,Supplier D,3,200,215
80624-006-FS0-CHN-RCL-TNCADY-150G-JAS,VIVID T/C 150g/06 JASMINE GREEN TEA,FINISHED GOODS,2024-09-10,6,Warehouse 1,2024-09-11,10,Supplier E,7,215,219
80624-006-FS0-CHN-RCL-TNCADY-150G-JAS,VIVID T/C 150g/06 JASMINE GREEN TEA,FINISHED GOODS,2024-08-20,36,Warehouse 1,2024-08-12,18,Supplier C,5,219,201
80624-006-FS0-CHN-RCL-TNCADY-150G-JAS,VIVID T/C 150g/06 JASMINE GREEN TEA,FINISHED GOODS,2024-02-23,24,Warehouse 1,2024-02-13,33,Supplier D,13,201,210
80110-144-R00-SGP-KUM-0010FE-2.0G-EB,FOIL ENV TBAG 010/2.0g/144 ENGLISH BREAKFAST,FINISHED GOODS,2024-04-13,12,Warehouse 1,2024-04-22,45,Supplier C,11,162,195
80110-144-R00-SGP-KUM-0010FE-2.0G-EB,FOIL ENV TBAG 010/2.0g/144 ENGLISH BREAKFAST,FINISHED GOODS,2024-07-12,39,Warehouse 1,2024-07-04,34,Supplier E,11,195,190
80110-144-R00-SGP-KUM-0010FE-2.0G-EB,FOIL ENV TBAG 010/2.0g/144 ENGLISH BREAKFAST,FINISHED GOODS,2024-03-08,40,Warehouse 1,2024-02-27,42,Supplier E,6,190,192
80110-144-R00-SGP-KUM-0010FE-2.0G-EB,FOIL ENV TBAG 010/2.0g/144 ENGLISH BREAKFAST,FINISHED GOODS,2024-07-13,12,Warehouse 1,2024-07-19,16,Supplier A,14,192,196
80110-144-R00-SGP-KUM-0010FE-2.0G-EB,FOIL ENV TBAG 010/2.0g/144 ENGLISH BREAKFAST,FINISHED GOODS,2024-08-25,26,Warehouse 1,2024-08-20,31,Supplier E,5,196,201
81971-006-R00-000-000-LEAFTE-070G-LLEPK1,TPR CERAMIC CADDY 0070g/06 LOVER'S LEAP ESTATE PEKOE 1,FINISHED GOODS,2024-01-27,12,Warehouse 1,2024-01-18,36,Supplier E,3,487,511
81971-006-R00-000-000-LEAFTE-070G-LLEPK1,TPR CERAMIC CADDY 0070g/06 LOVER'S LEAP ESTATE PEKOE 1,FINISHED GOODS,2024-05-26,32,Warehouse 1,2024-05-19,56,Supplier C,3,511,535
81971-006-R00-000-000-LEAFTE-070G-LLEPK1,TPR CERAMIC CADDY 0070g/06 LOVER'S LEAP ESTATE PEKOE 1,FINISHED GOODS,2024-08-07,21,Warehouse 1,2024-08-10,53,Supplier E,8,535,567
81971-006-R00-000-000-LEAFTE-070G-LLEPK1,TPR CERAMIC CADDY 0070g/06 LOVER'S LEAP ESTATE PEKOE 1,FINISHED GOODS,2024-02-06,39,Warehouse 1,2024-02-12,50,Supplier E,5,567,578
81971-006-R00-000-000-LEAFTE-070G-LLEPK1,TPR CERAMIC CADDY 0070g/06 LOVER'S LEAP ESTATE PEKOE 1,FINISHED GOODS,2024-06-09,37,Warehouse 1,2024-06-01,30,Supplier B,11,578,571
E30816-001,FOIL ENVELOPED 2.0g GREEN ROOIBOS LEMONGRASS & SPEARMINT,FINISHED GOODS,2024-06-22,7,Warehouse 1,2024-06-29,49,Supplier B,13,272,314
E30816-001,FOIL ENVELOPED 2.0g GREEN ROOIBOS LEMONGRASS & SPEARMINT,FINISHED GOODS,2024-09-29,46,Warehouse 1,2024-09-26,11,Supplier A,11,314,279
E30816-001,FOIL ENVELOPED 2.0g GREEN ROOIBOS LEMONGRASS & SPEARMINT,FINISHED GOODS,2024-02-08,47,Warehouse 1,2024-02-07,57,Supplier B,5,279,289
E30816-001,FOIL ENVELOPED 2.0g GREEN ROOIBOS LEMONGRASS & SPEARMINT,FINISHED GOODS,2024-01-13,29,Warehouse 1,2024-01-09,33,Supplier A,6,289,293
E30816-001,FOIL ENVELOPED 2.0g GREEN ROOIBOS LEMONGRASS & SPEARMINT,FINISHED GOODS,2024-09-20,49,Warehouse 1,2024-09-23,29,Supplier D,5,293,273
80022-024-RBN-SGP-LSS-0120ST-2.0G-PRM,TAG TBAG 100+20/2.0g/24 PREMIUM,FINISHED GOODS,2024-10-14,32,Warehouse 1,2024-10-22,43,Supplier A,12,192,203
80022-024-RBN-SGP-LSS-0120ST-2.0G-PRM,TAG TBAG 100+20/2.0g/24 PREMIUM,FINISHED GOODS,2024-06-28,26,Warehouse 1,2024-06-27,31,Supplier C,14,203,208
80022-024-RBN-SGP-LSS-0120ST-2.0G-PRM,TAG TBAG 100+20/2.0g/24 PREMIUM,FINISHED GOODS,2024-09-20,41,Warehouse 1,2024-09-21,42,Supplier D,7,208,209
80022-024-RBN-SGP-LSS-0120ST-2.0G-PRM,TAG TBAG 100+20/2.0g/24 PREMIUM,FINISHED GOODS,2024-09-18,43,Warehouse 1,2024-09-20,13,Supplier D,5,209,179
80022-024-RBN-SGP-LSS-0120ST-2.0G-PRM,TAG TBAG 100+20/2.0g/24 PREMIUM,FINISHED GOODS,2024-09-25,44,Warehouse 1,2024-10-02,25,Supplier D,12,179,160
81976-006-R00-000-000-LEAFTE-070G-SS.EST.CBOP,TPR CERAMIC CADDY 0070g/06 SOMERSET ESTATE BOP,FINISHED GOODS,2024-04-29,23,Warehouse 1,2024-05-07,26,Supplier D,12,207,210
81976-006-R00-000-000-LEAFTE-070G-SS.EST.CBOP,TPR CERAMIC CADDY 0070g/06 SOMERSET ESTATE BOP,FINISHED GOODS,2024-04-26,30,Warehouse 1,2024-04-24,46,Supplier D,7,210,226
81976-006-R00-000-000-LEAFTE-070G-SS.EST.CBOP,TPR CERAMIC CADDY 0070g/06 SOMERSET ESTATE BOP,FINISHED GOODS,2024-08-26,5,Warehouse 1,2024-08-17,10,Supplier A,10,226,231
81976-006-R00-000-000-LEAFTE-070G-SS.EST.CBOP,TPR CERAMIC CADDY 0070g/06 SOMERSET ESTATE BOP,FINISHED GOODS,2024-09-28,49,Warehouse 1,2024-09-24,10,Supplier E,8,231,192
81976-006-R00-000-000-LEAFTE-070G-SS.EST.CBOP,TPR CERAMIC CADDY 0070g/06 SOMERSET ESTATE BOP,FINISHED GOODS,2024-03-16,33,Warehouse 1,2024-03-21,12,Supplier C,7,192,171
81497-004-FS0-PHL-EIC-0030FE-2.0G-PM,t SACHET 030's/2.0g/04 PURE PEPPERMINT LEAVES,FINISHED GOODS,2024-08-07,33,Warehouse 1,2024-08-01,23,Supplier A,6,135,125
81497-004-FS0-PHL-EIC-0030FE-2.0G-PM,t SACHET 030's/2.0g/04 PURE PEPPERMINT LEAVES,FINISHED GOODS,2024-08-05,9,Warehouse 1,2024-08-10,21,Supplier E,9,125,137
81497-004-FS0-PHL-EIC-0030FE-2.0G-PM,t SACHET 030's/2.0g/04 PURE PEPPERMINT LEAVES,FINISHED GOODS,2024-09-10,40,Warehouse 1,2024-09-04,42,Supplier B,12,137,139
81497-004-FS0-PHL-EIC-0030FE-2.0G-PM,t SACHET 030's/2.0g/04 PURE PEPPERMINT LEAVES,FINISHED GOODS,2024-10-16,9,Warehouse 1,2024-10-25,45,Supplier B,12,139,175
81497-004-FS0-PHL-EIC-0030FE-2.0G-PM,t SACHET 030's/2.0g/04 PURE PEPPERMINT LEAVES,FINISHED GOODS,2024-09-13,23,Warehouse 1,2024-09-07,41,Supplier E,6,175,193
81565-004-FS0-PHL-EIC-0050FE-2.0G-DJ,t SACHET 050's/2.0g/04 SINGLE ESTATE DARJEELING,FINISHED GOODS,2024-09-03,28,Warehouse 1,2024-08-25,25,Supplier A,14,65,62
81565-004-FS0-PHL-EIC-0050FE-2.0G-DJ,t SACHET 050's/2.0g/04 SINGLE ESTATE DARJEELING,FINISHED GOODS,2024-05-31,36,Warehouse 1,2024-06-01,36,Supplier B,5,62,62
81565-004-FS0-PHL-EIC-0050FE-2.0G-DJ,t SACHET 050's/2.0g/04 SINGLE ESTATE DARJEELING,FINISHED GOODS,2024-06-27,37,Warehouse 1,2024-06-27,42,Supplier E,14,62,67
81565-004-FS0-PHL-EIC-0050FE-2.0G-DJ,t SACHET 050's/2.0g/04 SINGLE ESTATE DARJEELING,FINISHED GOODS,2024-06-16,7,Warehouse 1,2024-06-15,10,Supplier C,14,67,70
81565-004-FS0-PHL-EIC-0050FE-2.0G-DJ,t SACHET 050's/2.0g/04 SINGLE ESTATE DARJEELING,FINISHED GOODS,2024-01-12,33,Warehouse 1,2024-01-15,22,Supplier B,5,70,59
81967-001-R00-000-000-LEAFTE-070G-ICNJAS,TPR CERAMIC CADDY 0070g/01 IMPERIAL CHINA NATURAL JASMINE GREEN TEA,FINISHED GOODS,2024-03-30,39,Warehouse 1,2024-03-27,32,Supplier E,12,291,284
81967-001-R00-000-000-LEAFTE-070G-ICNJAS,TPR CERAMIC CADDY 0070g/01 IMPERIAL CHINA NATURAL JASMINE GREEN TEA,FINISHED GOODS,2024-04-24,14,Warehouse 1,2024-04-22,35,Supplier D,12,284,305
81967-001-R00-000-000-LEAFTE-070G-ICNJAS,TPR CERAMIC CADDY 0070g/01 IMPERIAL CHINA NATURAL JASMINE GREEN TEA,FINISHED GOODS,2024-08-04,49,Warehouse 1,2024-07-28,20,Supplier B,7,305,276
81967-001-R00-000-000-LEAFTE-070G-ICNJAS,TPR CERAMIC CADDY 0070g/01 IMPERIAL CHINA NATURAL JASMINE GREEN TEA,FINISHED GOODS,2024-07-10,13,Warehouse 1,2024-07-02,33,Supplier A,5,276,296
81967-001-R00-000-000-LEAFTE-070G-ICNJAS,TPR CERAMIC CADDY 0070g/01 IMPERIAL CHINA NATURAL JASMINE GREEN TEA,FINISHED GOODS,2024-04-05,40,Warehouse 1,2024-03-30,27,Supplier D,3,296,283
80001-024-R00-MYS-ACC-0030PT-2.0G-PRM,TAGLESS TBAG 030/2.0g/24 PREMIUM,FINISHED GOODS,2024-08-04,17,Warehouse 1,2024-07-27,32,Supplier A,3,232,247
80001-024-R00-MYS-ACC-0030PT-2.0G-PRM,TAGLESS TBAG 030/2.0g/24 PREMIUM,FINISHED GOODS,2024-08-04,24,Warehouse 1,2024-08-06,57,Supplier C,5,247,280
80001-024-R00-MYS-ACC-0030PT-2.0G-PRM,TAGLESS TBAG 030/2.0g/24 PREMIUM,FINISHED GOODS,2024-08-20,40,Warehouse 1,2024-08-28,21,Supplier D,11,280,261
80001-024-R00-MYS-ACC-0030PT-2.0G-PRM,TAGLESS TBAG 030/2.0g/24 PREMIUM,FINISHED GOODS,2024-07-24,11,Warehouse 1,2024-08-02,37,Supplier C,12,261,287
80001-024-R00-MYS-ACC-0030PT-2.0G-PRM,TAGLESS TBAG 030/2.0g/24 PREMIUM,FINISHED GOODS,2024-04-08,20,Warehouse 1,2024-04-09,14,Supplier A,6,287,281
80008-024-005-000-000-0100PT-2.0G-PRM,TAGLESS TBAG 100/2.0g/24 PREMIUM,FINISHED GOODS,2024-02-22,25,Warehouse 1,2024-02-27,45,Supplier A,9,428,448
80008-024-005-000-000-0100PT-2.0G-PRM,TAGLESS TBAG 100/2.0g/24 PREMIUM,FINISHED GOODS,2024-07-04,49,Warehouse 1,2024-06-30,51,Supplier B,7,448,450
80008-024-005-000-000-0100PT-2.0G-PRM,TAGLESS TBAG 100/2.0g/24 PREMIUM,FINISHED GOODS,2024-08-08,39,Warehouse 1,2024-08-08,32,Supplier C,4,450,443
80008-024-005-000-000-0100PT-2.0G-PRM,TAGLESS TBAG 100/2.0g/24 PREMIUM,FINISHED GOODS,2024-03-14,16,Warehouse 1,2024-03-15,18,Supplier A,8,443,445
80008-024-005-000-000-0100PT-2.0G-PRM,TAGLESS TBAG 100/2.0g/24 PREMIUM,FINISHED GOODS,2024-05-20,11,Warehouse 1,2024-05-17,55,Supplier B,11,445,489
80008-024-006-000-000-0100PT-2.0G-PRM,TAGLESS TBAG 100/2.0g/24 PREMIUM,FINISHED GOODS,2024-01-05,31,Warehouse 1,2023-12-30,11,Supplier C,10,483,463
80008-024-006-000-000-0100PT-2.0G-PRM,TAGLESS TBAG 100/2.0g/24 PREMIUM,FINISHED GOODS,2024-05-24,49,Warehouse 1,2024-05-20,10,Supplier A,6,463,424
80008-024-006-000-000-0100PT-2.0G-PRM,TAGLESS TBAG 100/2.0g/24 PREMIUM,FINISHED GOODS,2024-09-08,40,Warehouse 1,2024-09-16,15,Supplier E,14,424,399
80008-024-006-000-000-0100PT-2.0G-PRM,TAGLESS TBAG 100/2.0g/24 PREMIUM,FINISHED GOODS,2024-07-20,43,Warehouse 1,2024-07-28,36,Supplier C,4,399,392
80008-024-006-000-000-0100PT-2.0G-PRM,TAGLESS TBAG 100/2.0g/24 PREMIUM,FINISHED GOODS,2024-01-01,32,Warehouse 1,2023-12-24,29,Supplier E,14,392,389
80009-012-R00-NZL-CGL-0200PT-2.0G-PRM,TAGLESS TBAG 200/2.0g/12 PREMIUM,FINISHED GOODS,2024-04-26,29,Warehouse 1,2024-04-21,42,Supplier B,14,239,252
80009-012-R00-NZL-CGL-0200PT-2.0G-PRM,TAGLESS TBAG 200/2.0g/12 PREMIUM,FINISHED GOODS,2024-06-21,49,Warehouse 1,2024-06-25,41,Supplier E,8,252,244
80009-012-R00-NZL-CGL-0200PT-2.0G-PRM,TAGLESS TBAG 200/2.0g/12 PREMIUM,FINISHED GOODS,2024-09-08,25,Warehouse 1,2024-09-02,20,Supplier D,5,244,239
80009-012-R00-NZL-CGL-0200PT-2.0G-PRM,TAGLESS TBAG 200/2.0g/12 PREMIUM,FINISHED GOODS,2024-02-16,23,Warehouse 1,2024-02-14,29,Supplier A,3,239,245
80009-012-R00-NZL-CGL-0200PT-2.0G-PRM,TAGLESS TBAG 200/2.0g/12 PREMIUM,FINISHED GOODS,2024-01-12,7,Warehouse 1,2024-01-11,25,Supplier D,10,245,263
80011-012-004-000-000-0025ST-2.0G-PRM,TAG TBAG 025/2.0g/12 PREMIUM,FINISHED GOODS,2024-06-12,12,Warehouse 1,2024-06-09,37,Supplier B,14,205,230
80011-012-004-000-000-0025ST-2.0G-PRM,TAG TBAG 025/2.0g/12 PREMIUM,FINISHED GOODS,2024-02-10,32,Warehouse 1,2024-02-03,37,Supplier C,8,230,235
80011-012-004-000-000-0025ST-2.0G-PRM,TAG TBAG 025/2.0g/12 PREMIUM,FINISHED GOODS,2024-07-30,21,Warehouse 1,2024-08-01,18,Supplier D,5,235,232
80011-012-004-000-000-0025ST-2.0G-PRM,TAG TBAG 025/2.0g/12 PREMIUM,FINISHED GOODS,2024-09-12,10,Warehouse 1,2024-09-06,27,Supplier A,4,232,249
80011-012-004-000-000-0025ST-2.0G-PRM,TAG TBAG 025/2.0g/12 PREMIUM,FINISHED GOODS,2024-08-29,14,Warehouse 1,2024-08-31,39,Supplier E,9,249,274
80011-012-R00-PAK-SMC-0025ST-2.0G-PRM,TAG TBAG 025/2.0g/12 PREMIUM,FINISHED GOODS,2024-08-11,5,Warehouse 1,2024-08-15,27,Supplier A,13,338,360
80011-012-R00-PAK-SMC-0025ST-2.0G-PRM,TAG TBAG 025/2.0g/12 PREMIUM,FINISHED GOODS,2024-03-03,25,Warehouse 1,2024-03-09,35,Supplier E,3,360,370
80011-012-R00-PAK-SMC-0025ST-2.0G-PRM,TAG TBAG 025/2.0g/12 PREMIUM,FINISHED GOODS,2024-04-08,38,Warehouse 1,2024-03-29,50,Supplier E,9,370,382
80011-012-R00-PAK-SMC-0025ST-2.0G-PRM,TAG TBAG 025/2.0g/12 PREMIUM,FINISHED GOODS,2024-07-15,10,Warehouse 1,2024-07-09,37,Supplier C,7,382,409
80011-012-R00-PAK-SMC-0025ST-2.0G-PRM,TAG TBAG 025/2.0g/12 PREMIUM,FINISHED GOODS,2024-02-22,27,Warehouse 1,2024-02-16,46,Supplier B,12,409,428
80011-012-R00-WAF-SSL-0025ST-2.0G-PRM,TAG TBAG 025/2.0g/12 PREMIUM,FINISHED GOODS,2024-03-18,21,Warehouse 1,2024-03-16,30,Supplier A,5,132,141
80011-012-R00-WAF-SSL-0025ST-2.0G-PRM,TAG TBAG 025/2.0g/12 PREMIUM,FINISHED GOODS,2024-09-16,49,Warehouse 1,2024-09-06,22,Supplier A,10,141,114
80011-012-R00-WAF-SSL-0025ST-2.0G-PRM,TAG TBAG 025/2.0g/12 PREMIUM,FINISHED GOODS,2024-04-04,36,Warehouse 1,2024-04-01,43,Supplier B,12,114,121
80011-012-R00-WAF-SSL-0025ST-2.0G-PRM,TAG TBAG 025/2.0g/12 PREMIUM,FINISHED GOODS,2024-09-24,38,Warehouse 1,2024-09-14,12,Supplier D,7,121,95
80011-012-R00-WAF-SSL-0025ST-2.0G-PRM,TAG TBAG 025/2.0g/12 PREMIUM,FINISHED GOODS,2024-09-07,34,Warehouse 1,2024-09-13,39,Supplier E,7,95,100
80011-024-R00-MYS-DCP-0025ST-2.0G-PRM,TAG TBAG 025/2.0g/24 PREMIUM,FINISHED GOODS,2024-04-12,6,Warehouse 1,2024-04-07,20,Supplier D,4,447,461
80011-024-R00-MYS-DCP-0025ST-2.0G-PRM,TAG TBAG 025/2.0g/24 PREMIUM,FINISHED GOODS,2024-04-07,42,Warehouse 1,2024-04-14,59,Supplier C,5,461,478
80011-024-R00-MYS-DCP-0025ST-2.0G-PRM,TAG TBAG 025/2.0g/24 PREMIUM,FINISHED GOODS,2024-01-30,38,Warehouse 1,2024-01-29,47,Supplier C,3,478,487
80011-024-R00-MYS-DCP-0025ST-2.0G-PRM,TAG TBAG 025/2.0g/24 PREMIUM,FINISHED GOODS,2024-05-17,9,Warehouse 1,2024-05-23,38,Supplier B,3,487,516
80011-024-R00-MYS-DCP-0025ST-2.0G-PRM,TAG TBAG 025/2.0g/24 PREMIUM,FINISHED GOODS,2024-03-09,24,Warehouse 1,2024-02-29,33,Supplier E,4,516,525
80017-036-004-000-000-0100PE-2.0G-PRM,PAPER ENV TBAG 100/2.0g/36 PREMIUM + T-SHIRT,FINISHED GOODS,2024-08-27,47,Warehouse 1,2024-08-27,52,Supplier C,11,254,259
80017-036-004-000-000-0100PE-2.0G-PRM,PAPER ENV TBAG 100/2.0g/36 PREMIUM + T-SHIRT,FINISHED GOODS,2024-04-04,27,Warehouse 1,2024-04-04,25,Supplier D,10,259,257
80017-036-004-000-000-0100PE-2.0G-PRM,PAPER ENV TBAG 100/2.0g/36 PREMIUM + T-SHIRT,FINISHED GOODS,2024-07-13,8,Warehouse 1,2024-07-05,34,Supplier C,4,257,283
80017-036-004-000-000-0100PE-2.0G-PRM,PAPER ENV TBAG 100/2.0g/36 PREMIUM + T-SHIRT,FINISHED GOODS,2024-01-05,23,Warehouse 1,2024-01-12,30,Supplier D,12,283,290
80017-036-004-000-000-0100PE-2.0G-PRM,PAPER ENV TBAG 100/2.0g/36 PREMIUM + T-SHIRT,FINISHED GOODS,2024-01-01,26,Warehouse 1,2023-12-26,30,Supplier A,14,290,294
80021-012-R00-AUS-DAU-0050ST-2.0G-PRM,TAG TBAG 050/2.0g/12 PREMIUM,FINISHED GOODS,2024-03-18,38,Warehouse 1,2024-03-20,58,Supplier C,11,395,415
80021-012-R00-AUS-DAU-0050ST-2.0G-PRM,TAG TBAG 050/2.0g/12 PREMIUM,FINISHED GOODS,2024-04-30,30,Warehouse 1,2024-05-04,56,Supplier C,3,415,441
80021-012-R00-AUS-DAU-0050ST-2.0G-PRM,TAG TBAG 050/2.0g/12 PREMIUM,FINISHED GOODS,2024-09-13,30,Warehouse 1,2024-09-10,45,Supplier A,5,441,456
80021-012-R00-AUS-DAU-0050ST-2.0G-PRM,TAG TBAG 050/2.0g/12 PREMIUM,FINISHED GOODS,2024-05-06,19,Warehouse 1,2024-05-09,56,Supplier B,14,456,493
80021-012-R00-AUS-DAU-0050ST-2.0G-PRM,TAG TBAG 050/2.0g/12 PREMIUM,FINISHED GOODS,2024-08-03,27,Warehouse 1,2024-07-25,23,Supplier E,12,493,489
80021-024-R00-NGA-PEL-0050ST-2.0G-PRM,TAG TBAG 050/2.0g/24 PREMIUM - WEST AFRICA,FINISHED GOODS,2024-04-20,11,Warehouse 1,2024-04-23,12,Supplier C,14,63,64
80021-024-R00-NGA-PEL-0050ST-2.0G-PRM,TAG TBAG 050/2.0g/24 PREMIUM - WEST AFRICA,FINISHED GOODS,2024-10-20,49,Warehouse 1,2024-10-12,27,Supplier C,11,64,42
80021-024-R00-NGA-PEL-0050ST-2.0G-PRM,TAG TBAG 050/2.0g/24 PREMIUM - WEST AFRICA,FINISHED GOODS,2024-07-20,41,Warehouse 1,2024-07-16,37,Supplier A,3,42,38
80021-024-R00-NGA-PEL-0050ST-2.0G-PRM,TAG TBAG 050/2.0g/24 PREMIUM - WEST AFRICA,FINISHED GOODS,2024-05-05,43,Warehouse 1,2024-05-06,31,Supplier A,3,38,26
80021-024-R00-NGA-PEL-0050ST-2.0G-PRM,TAG TBAG 050/2.0g/24 PREMIUM - WEST AFRICA,FINISHED GOODS,2024-01-25,17,Warehouse 1,2024-01-18,29,Supplier B,5,26,38
80021-024-R00-TWN-WIC-0050ST-2.0G-PRM,TAG TBAG 050/2.0g/24 PREMIUM,FINISHED GOODS,2024-04-20,49,Warehouse 1,2024-04-13,27,Supplier B,10,282,260
80021-024-R00-TWN-WIC-0050ST-2.0G-PRM,TAG TBAG 050/2.0g/24 PREMIUM,FINISHED GOODS,2024-08-23,44,Warehouse 1,2024-08-31,58,Supplier B,11,260,274
80021-024-R00-TWN-WIC-0050ST-2.0G-PRM,TAG TBAG 050/2.0g/24 PREMIUM,FINISHED GOODS,2024-06-28,41,Warehouse 1,2024-06-19,15,Supplier C,10,274,248
80021-024-R00-TWN-WIC-0050ST-2.0G-PRM,TAG TBAG 050/2.0g/24 PREMIUM,FINISHED GOODS,2024-08-16,49,Warehouse 1,2024-08-06,15,Supplier E,8,248,214
80021-024-R00-TWN-WIC-0050ST-2.0G-PRM,TAG TBAG 050/2.0g/24 PREMIUM,FINISHED GOODS,2024-03-10,25,Warehouse 1,2024-03-15,15,Supplier D,13,214,204
80022-024-002-000-000-0100ST-2.0G-PRM,TAG TBAG 100/2.0g/24 PREMIUM,FINISHED GOODS,2024-05-31,34,Warehouse 1,2024-05-29,40,Supplier C,5,495,501
80022-024-002-000-000-0100ST-2.0G-PRM,TAG TBAG 100/2.0g/24 PREMIUM,FINISHED GOODS,2024-08-16,35,Warehouse 1,2024-08-09,49,Supplier B,6,501,515
80022-024-002-000-000-0100ST-2.0G-PRM,TAG TBAG 100/2.0g/24 PREMIUM,FINISHED GOODS,2024-01-04,32,Warehouse 1,2024-01-08,20,Supplier A,10,515,503
80022-024-002-000-000-0100ST-2.0G-PRM,TAG TBAG 100/2.0g/24 PREMIUM,FINISHED GOODS,2024-07-21,42,Warehouse 1,2024-07-18,11,Supplier B,5,503,472
80022-024-002-000-000-0100ST-2.0G-PRM,TAG TBAG 100/2.0g/24 PREMIUM,FINISHED GOODS,2024-05-12,49,Warehouse 1,2024-05-07,53,Supplier B,8,472,476
80022-024-R00-AZE-FMC-0100ST-2.0G-PRM,TAG TBAG 100/2.0g/24 PREMIUM CIS,FINISHED GOODS,2024-08-12,23,Warehouse 1,2024-08-21,29,Supplier A,14,373,379
80022-024-R00-AZE-FMC-0100ST-2.0G-PRM,TAG TBAG 100/2.0g/24 PREMIUM CIS,FINISHED GOODS,2024-05-21,5,Warehouse 1,2024-05-16,35,Supplier E,13,379,409
80022-024-R00-AZE-FMC-0100ST-2.0G-PRM,TAG TBAG 100/2.0g/24 PREMIUM CIS,FINISHED GOODS,2024-09-15,40,Warehouse 1,2024-09-05,22,Supplier B,10,409,391
80022-024-R00-AZE-FMC-0100ST-2.0G-PRM,TAG TBAG 100/2.0g/24 PREMIUM CIS,FINISHED GOODS,2024-05-17,14,Warehouse 1,2024-05-18,14,Supplier B,10,391,391
80022-024-R00-AZE-FMC-0100ST-2.0G-PRM,TAG TBAG 100/2.0g/24 PREMIUM CIS,FINISHED GOODS,2024-04-10,6,Warehouse 1,2024-04-08,29,Supplier A,11,391,414
80022-024-R00-BHR-AAW-0100ST-2.0G-PRM,TAG TBAG 100/2.0g/24 PREMIUM,FINISHED GOODS,2024-04-03,28,Warehouse 1,2024-04-09,47,Supplier E,14,448,467
80022-024-R00-BHR-AAW-0100ST-2.0G-PRM,TAG TBAG 100/2.0g/24 PREMIUM,FINISHED GOODS,2024-05-16,48,Warehouse 1,2024-05-07,59,Supplier D,5,467,478
80022-024-R00-BHR-AAW-0100ST-2.0G-PRM,TAG TBAG 100/2.0g/24 PREMIUM,FINISHED GOODS,2024-10-22,39,Warehouse 1,2024-10-19,10,Supplier C,11,478,449
80022-024-R00-BHR-AAW-0100ST-2.0G-PRM,TAG TBAG 100/2.0g/24 PREMIUM,FINISHED GOODS,2024-10-12,41,Warehouse 1,2024-10-04,23,Supplier E,7,449,431
80022-024-R00-BHR-AAW-0100ST-2.0G-PRM,TAG TBAG 100/2.0g/24 PREMIUM,FINISHED GOODS,2024-03-18,9,Warehouse 1,2024-03-11,28,Supplier A,12,431,450
80022-024-R00-CAM-LSH-0100ST-2.0G-PRM,TAG TBAG 100/2.0g/24 PREMIUM,FINISHED GOODS,2024-10-21,22,Warehouse 1,2024-10-18,49,Supplier C,8,138,165
80022-024-R00-CAM-LSH-0100ST-2.0G-PRM,TAG TBAG 100/2.0g/24 PREMIUM,FINISHED GOODS,2024-03-03,37,Warehouse 1,2024-03-07,32,Supplier A,11,165,160
80022-024-R00-CAM-LSH-0100ST-2.0G-PRM,TAG TBAG 100/2.0g/24 PREMIUM,FINISHED GOODS,2024-04-13,21,Warehouse 1,2024-04-10,42,Supplier C,9,160,181
80022-024-R00-CAM-LSH-0100ST-2.0G-PRM,TAG TBAG 100/2.0g/24 PREMIUM,FINISHED GOODS,2024-03-07,10,Warehouse 1,2024-03-03,15,Supplier C,10,181,186
80022-024-R00-CAM-LSH-0100ST-2.0G-PRM,TAG TBAG 100/2.0g/24 PREMIUM,FINISHED GOODS,2024-04-20,46,Warehouse 1,2024-04-10,24,Supplier D,9,186,164
80022-024-R00-MDV-SCL-0100ST-2.0G-PRM,TAG TBAG 100/2.0g/24 PREMIUM,FINISHED GOODS,2024-02-07,40,Warehouse 1,2024-01-28,38,Supplier E,7,460,458
80022-024-R00-MDV-SCL-0100ST-2.0G-PRM,TAG TBAG 100/2.0g/24 PREMIUM,FINISHED GOODS,2024-09-10,31,Warehouse 1,2024-09-03,42,Supplier B,12,458,469
80022-024-R00-MDV-SCL-0100ST-2.0G-PRM,TAG TBAG 100/2.0g/24 PREMIUM,FINISHED GOODS,2024-04-27,9,Warehouse 1,2024-04-22,19,Supplier E,6,469,479
80022-024-R00-MDV-SCL-0100ST-2.0G-PRM,TAG TBAG 100/2.0g/24 PREMIUM,FINISHED GOODS,2024-07-02,49,Warehouse 1,2024-07-06,33,Supplier E,10,479,463
80022-024-R00-MDV-SCL-0100ST-2.0G-PRM,TAG TBAG 100/2.0g/24 PREMIUM,FINISHED GOODS,2024-02-16,9,Warehouse 1,2024-02-09,38,Supplier D,4,463,492
80022-024-R00-PHL-EIC-0100ST-2.0G-PRM,TAG TBAG 100/2.0g/24 PREMIUM,FINISHED GOODS,2024-10-18,35,Warehouse 1,2024-10-18,45,Supplier C,7,460,470
80022-024-R00-PHL-EIC-0100ST-2.0G-PRM,TAG TBAG 100/2.0g/24 PREMIUM,FINISHED GOODS,2024-09-10,24,Warehouse 1,2024-09-09,20,Supplier B,13,470,466
80022-024-R00-PHL-EIC-0100ST-2.0G-PRM,TAG TBAG 100/2.0g/24 PREMIUM,FINISHED GOODS,2024-05-20,16,Warehouse 1,2024-05-17,35,Supplier B,11,466,485
80022-024-R00-PHL-EIC-0100ST-2.0G-PRM,TAG TBAG 100/2.0g/24 PREMIUM,FINISHED GOODS,2024-04-13,37,Warehouse 1,2024-04-13,56,Supplier D,14,485,504
80022-024-R00-PHL-EIC-0100ST-2.0G-PRM,TAG TBAG 100/2.0g/24 PREMIUM,FINISHED GOODS,2024-05-12,40,Warehouse 1,2024-05-06,57,Supplier B,3,504,521
80023-006-R00-NPL-MTL-VACCUM-500G-PRM,LEAF TEA 500g/06 PREMIUM,FINISHED GOODS,2024-02-20,35,Warehouse 1,2024-02-23,18,Supplier A,8,141,124
80023-006-R00-NPL-MTL-VACCUM-500G-PRM,LEAF TEA 500g/06 PREMIUM,FINISHED GOODS,2024-09-13,15,Warehouse 1,2024-09-16,32,Supplier E,7,124,141
80023-006-R00-NPL-MTL-VACCUM-500G-PRM,LEAF TEA 500g/06 PREMIUM,FINISHED GOODS,2024-06-30,30,Warehouse 1,2024-06-20,55,Supplier C,10,141,166
80023-006-R00-NPL-MTL-VACCUM-500G-PRM,LEAF TEA 500g/06 PREMIUM,FINISHED GOODS,2024-05-16,19,Warehouse 1,2024-05-15,30,Supplier D,11,166,177
80023-006-R00-NPL-MTL-VACCUM-500G-PRM,LEAF TEA 500g/06 PREMIUM,FINISHED GOODS,2024-10-17,30,Warehouse 1,2024-10-26,50,Supplier A,12,177,197
80023-006-R00-SRL-APS-VACCUM-500G-PRM,LEAF TEA 500g/06 PREMIUM,FINISHED GOODS,2024-07-28,42,Warehouse 1,2024-07-19,11,Supplier C,3,124,93
80023-006-R00-SRL-APS-VACCUM-500G-PRM,LEAF TEA 500g/06 PREMIUM,FINISHED GOODS,2024-09-07,47,Warehouse 1,2024-09-15,53,Supplier A,9,93,99
80023-006-R00-SRL-APS-VACCUM-500G-PRM,LEAF TEA 500g/06 PREMIUM,FINISHED GOODS,2024-06-09,10,Warehouse 1,2024-06-15,33,Supplier E,13,99,122
80023-006-R00-SRL-APS-VACCUM-500G-PRM,LEAF TEA 500g/06 PREMIUM,FINISHED GOODS,2024-06-04,26,Warehouse 1,2024-06-11,35,Supplier E,3,122,131
80023-006-R00-SRL-APS-VACCUM-500G-PRM,LEAF TEA 500g/06 PREMIUM,FINISHED GOODS,2024-03-24,11,Warehouse 1,2024-03-22,26,Supplier A,6,131,146
80026-005-001-000-000-0100ST-2.4G-EX.STR,TAG TBAG 100/2.4g/05 EX STR,FINISHED GOODS,2024-03-03,26,Warehouse 1,2024-02-29,37,Supplier A,9,167,178
80026-005-001-000-000-0100ST-2.4G-EX.STR,TAG TBAG 100/2.4g/05 EX STR,FINISHED GOODS,2024-05-20,5,Warehouse 1,2024-05-28,41,Supplier C,10,178,214
80026-005-001-000-000-0100ST-2.4G-EX.STR,TAG TBAG 100/2.4g/05 EX STR,FINISHED GOODS,2024-06-06,23,Warehouse 1,2024-06-12,41,Supplier E,10,214,232
80026-005-001-000-000-0100ST-2.4G-EX.STR,TAG TBAG 100/2.4g/05 EX STR,FINISHED GOODS,2024-09-13,23,Warehouse 1,2024-09-16,27,Supplier C,4,232,236
80026-005-001-000-000-0100ST-2.4G-EX.STR,TAG TBAG 100/2.4g/05 EX STR,FINISHED GOODS,2024-04-22,6,Warehouse 1,2024-04-29,37,Supplier C,6,236,267
80032-012-R00-AUS-DAU-0050ST-2.4G-EX.STR,TAG TBAG 050/2.4g/12 EX STR,FINISHED GOODS,2024-02-24,12,Warehouse 1,2024-02-20,38,Supplier C,12,434,460
80032-012-R00-AUS-DAU-0050ST-2.4G-EX.STR,TAG TBAG 050/2.4g/12 EX STR,FINISHED GOODS,2024-06-10,14,Warehouse 1,2024-05-31,28,Supplier D,4,460,474
80032-012-R00-AUS-DAU-0050ST-2.4G-EX.STR,TAG TBAG 050/2.4g/12 EX STR,FINISHED GOODS,2024-01-08,11,Warehouse 1,2023-12-29,38,Supplier A,9,474,501
80032-012-R00-AUS-DAU-0050ST-2.4G-EX.STR,TAG TBAG 050/2.4g/12 EX STR,FINISHED GOODS,2024-09-11,7,Warehouse 1,2024-09-08,33,Supplier A,7,501,527
80032-012-R00-AUS-DAU-0050ST-2.4G-EX.STR,TAG TBAG 050/2.4g/12 EX STR,FINISHED GOODS,2024-04-01,7,Warehouse 1,2024-04-05,42,Supplier B,5,527,562
80039-016-R00-AUS-DAU-0300ST-2.0G-PRM,TAG TBAG 300/2.0g/16 PREMIUM,FINISHED GOODS,2024-10-14,28,Warehouse 1,2024-10-17,23,Supplier C,6,145,140
80039-016-R00-AUS-DAU-0300ST-2.0G-PRM,TAG TBAG 300/2.0g/16 PREMIUM,FINISHED GOODS,2024-08-10,41,Warehouse 1,2024-08-15,30,Supplier B,9,140,129
80039-016-R00-AUS-DAU-0300ST-2.0G-PRM,TAG TBAG 300/2.0g/16 PREMIUM,FINISHED GOODS,2024-06-09,14,Warehouse 1,2024-06-17,16,Supplier E,5,129,131
80039-016-R00-AUS-DAU-0300ST-2.0G-PRM,TAG TBAG 300/2.0g/16 PREMIUM,FINISHED GOODS,2024-07-06,40,Warehouse 1,2024-07-13,38,Supplier B,3,131,129
80039-016-R00-AUS-DAU-0300ST-2.0G-PRM,TAG TBAG 300/2.0g/16 PREMIUM,FINISHED GOODS,2024-01-11,9,Warehouse 1,2024-01-10,29,Supplier B,5,129,149
80077-012-002-000-000-0100ST-2.0G-CG,TAG TBAG 100/2.0g/12 CEYLON GOLD,FINISHED GOODS,2024-09-17,16,Warehouse 1,2024-09-11,29,Supplier A,4,168,181
80077-012-002-000-000-0100ST-2.0G-CG,TAG TBAG 100/2.0g/12 CEYLON GOLD,FINISHED GOODS,2024-10-06,48,Warehouse 1,2024-10-12,44,Supplier B,10,181,177
80077-012-002-000-000-0100ST-2.0G-CG,TAG TBAG 100/2.0g/12 CEYLON GOLD,FINISHED GOODS,2024-07-27,27,Warehouse 1,2024-08-03,41,Supplier C,3,177,191
80077-012-002-000-000-0100ST-2.0G-CG,TAG TBAG 100/2.0g/12 CEYLON GOLD,FINISHED GOODS,2024-02-09,18,Warehouse 1,2024-01-31,18,Supplier E,11,191,191
80077-012-002-000-000-0100ST-2.0G-CG,TAG TBAG 100/2.0g/12 CEYLON GOLD,FINISHED GOODS,2024-09-02,43,Warehouse 1,2024-09-02,18,Supplier D,12,191,166
80086-012-FS0-UAE-WJT-0025FE-2.0G-EB,FOIL ENV TBAG 025/2.0g/12 ENGLISH BREAKFAST,FINISHED GOODS,2024-04-07,33,Warehouse 1,2024-04-01,54,Supplier C,8,491,512
80086-012-FS0-UAE-WJT-0025FE-2.0G-EB,FOIL ENV TBAG 025/2.0g/12 ENGLISH BREAKFAST,FINISHED GOODS,2024-02-11,22,Warehouse 1,2024-02-04,30,Supplier A,8,512,520
80086-012-FS0-UAE-WJT-0025FE-2.0G-EB,FOIL ENV TBAG 025/2.0g/12 ENGLISH BREAKFAST,FINISHED GOODS,2024-06-13,38,Warehouse 1,2024-06-08,26,Supplier B,14,520,508
80086-012-FS0-UAE-WJT-0025FE-2.0G-EB,FOIL ENV TBAG 025/2.0g/12 ENGLISH BREAKFAST,FINISHED GOODS,2024-01-27,27,Warehouse 1,2024-01-22,51,Supplier C,10,508,532
80086-012-FS0-UAE-WJT-0025FE-2.0G-EB,FOIL ENV TBAG 025/2.0g/12 ENGLISH BREAKFAST,FINISHED GOODS,2024-08-24,38,Warehouse 1,2024-08-20,21,Supplier B,3,532,515
80086-012-R00-GBR-WBL-0025FE-2.0G-EB,FOIL ENV TBAG 025/2.0g/12 ENGLISH BREAKFAST,FINISHED GOODS,2024-07-08,25,Warehouse 1,2024-07-11,37,Supplier B,14,459,471
80086-012-R00-GBR-WBL-0025FE-2.0G-EB,FOIL ENV TBAG 025/2.0g/12 ENGLISH BREAKFAST,FINISHED GOODS,2024-06-29,47,Warehouse 1,2024-06-22,10,Supplier C,12,471,434
80086-012-R00-GBR-WBL-0025FE-2.0G-EB,FOIL ENV TBAG 025/2.0g/12 ENGLISH BREAKFAST,FINISHED GOODS,2024-09-23,33,Warehouse 1,2024-09-20,30,Supplier C,6,434,431
80086-012-R00-GBR-WBL-0025FE-2.0G-EB,FOIL ENV TBAG 025/2.0g/12 ENGLISH BREAKFAST,FINISHED GOODS,2024-08-14,43,Warehouse 1,2024-08-05,49,Supplier E,10,431,437
80086-012-R00-GBR-WBL-0025FE-2.0G-EB,FOIL ENV TBAG 025/2.0g/12 ENGLISH BREAKFAST,FINISHED GOODS,2024-08-26,37,Warehouse 1,2024-09-04,45,Supplier C,5,437,445
80086-012-R00-JOR-AAH-0025FE-2.0G-EB,FOIL ENV TBAG 025/2.0g/12 ENGLISH BREAKFAST,FINISHED GOODS,2024-07-19,47,Warehouse 1,2024-07-10,26,Supplier E,11,293,272
80086-012-R00-JOR-AAH-0025FE-2.0G-EB,FOIL ENV TBAG 025/2.0g/12 ENGLISH BREAKFAST,FINISHED GOODS,2024-01-17,13,Warehouse 1,2024-01-07,49,Supplier A,13,272,308
80086-012-R00-JOR-AAH-0025FE-2.0G-EB,FOIL ENV TBAG 025/2.0g/12 ENGLISH BREAKFAST,FINISHED GOODS,2024-01-25,44,Warehouse 1,2024-01-21,51,Supplier C,5,308,315
80086-012-R00-JOR-AAH-0025FE-2.0G-EB,FOIL ENV TBAG 025/2.0g/12 ENGLISH BREAKFAST,FINISHED GOODS,2024-06-20,41,Warehouse 1,2024-06-28,53,Supplier B,14,315,327
80086-012-R00-JOR-AAH-0025FE-2.0G-EB,FOIL ENV TBAG 025/2.0g/12 ENGLISH BREAKFAST,FINISHED GOODS,2024-02-13,23,Warehouse 1,2024-02-19,46,Supplier E,3,327,350
80086-012-R00-THA-GPW-0025FE-2.0G-EB,FOIL ENV TBAG 025/2.0g/12 ENGLISH BREAKFAST,FINISHED GOODS,2024-08-03,16,Warehouse 1,2024-08-11,25,Supplier E,3,379,388
80086-012-R00-THA-GPW-0025FE-2.0G-EB,FOIL ENV TBAG 025/2.0g/12 ENGLISH BREAKFAST,FINISHED GOODS,2024-07-16,27,Warehouse 1,2024-07-13,46,Supplier A,4,388,407
80086-012-R00-THA-GPW-0025FE-2.0G-EB,FOIL ENV TBAG 025/2.0g/12 ENGLISH BREAKFAST,FINISHED GOODS,2024-05-22,29,Warehouse 1,2024-05-20,21,Supplier E,12,407,399
80086-012-R00-THA-GPW-0025FE-2.0G-EB,FOIL ENV TBAG 025/2.0g/12 ENGLISH BREAKFAST,FINISHED GOODS,2024-01-16,36,Warehouse 1,2024-01-12,19,Supplier A,9,399,382
80086-012-R00-THA-GPW-0025FE-2.0G-EB,FOIL ENV TBAG 025/2.0g/12 ENGLISH BREAKFAST,FINISHED GOODS,2024-03-26,30,Warehouse 1,2024-03-22,30,Supplier E,9,382,382
80086-012-R00-USA-DDL-0025FE-2.0G-EB,FOIL ENV TBAG 025/2.0g/12 ENGLISH BREAKFAST,FINISHED GOODS,2024-08-02,12,Warehouse 1,2024-08-09,59,Supplier D,9,186,233
80086-012-R00-USA-DDL-0025FE-2.0G-EB,FOIL ENV TBAG 025/2.0g/12 ENGLISH BREAKFAST,FINISHED GOODS,2024-04-12,39,Warehouse 1,2024-04-18,27,Supplier C,14,233,221
80086-012-R00-USA-DDL-0025FE-2.0G-EB,FOIL ENV TBAG 025/2.0g/12 ENGLISH BREAKFAST,FINISHED GOODS,2024-05-10,49,Warehouse 1,2024-05-04,43,Supplier C,10,221,215
80086-012-R00-USA-DDL-0025FE-2.0G-EB,FOIL ENV TBAG 025/2.0g/12 ENGLISH BREAKFAST,FINISHED GOODS,2024-02-08,30,Warehouse 1,2024-02-12,32,Supplier A,6,215,217
80086-012-R00-USA-DDL-0025FE-2.0G-EB,FOIL ENV TBAG 025/2.0g/12 ENGLISH BREAKFAST,FINISHED GOODS,2024-07-28,33,Warehouse 1,2024-07-18,31,Supplier E,12,217,215
80100-012-R00-UZB-AZI-VACCUM-125G-CS,LEAF TEA 125g/12 CEYLON SUPREME,FINISHED GOODS,2024-06-18,6,Warehouse 1,2024-06-09,44,Supplier C,9,157,195
80100-012-R00-UZB-AZI-VACCUM-125G-CS,LEAF TEA 125g/12 CEYLON SUPREME,FINISHED GOODS,2024-09-30,17,Warehouse 1,2024-09-22,22,Supplier C,9,195,200
80100-012-R00-UZB-AZI-VACCUM-125G-CS,LEAF TEA 125g/12 CEYLON SUPREME,FINISHED GOODS,2024-09-01,33,Warehouse 1,2024-09-02,58,Supplier A,10,200,225
80100-012-R00-UZB-AZI-VACCUM-125G-CS,LEAF TEA 125g/12 CEYLON SUPREME,FINISHED GOODS,2024-09-22,48,Warehouse 1,2024-09-18,56,Supplier D,7,225,233
80100-012-R00-UZB-AZI-VACCUM-125G-CS,LEAF TEA 125g/12 CEYLON SUPREME,FINISHED GOODS,2024-06-25,5,Warehouse 1,2024-06-17,39,Supplier E,10,233,267
80101-012-001-000-000-VACCUM-125G-EB,LEAF TEA 125g/12 ENGLISH BREAKFAST,FINISHED GOODS,2024-10-19,8,Warehouse 1,2024-10-24,27,Supplier A,7,207,226
80101-012-001-000-000-VACCUM-125G-EB,LEAF TEA 125g/12 ENGLISH BREAKFAST,FINISHED GOODS,2024-05-19,19,Warehouse 1,2024-05-13,18,Supplier E,7,226,225
80101-012-001-000-000-VACCUM-125G-EB,LEAF TEA 125g/12 ENGLISH BREAKFAST,FINISHED GOODS,2024-10-21,47,Warehouse 1,2024-10-24,15,Supplier C,4,225,193
80101-012-001-000-000-VACCUM-125G-EB,LEAF TEA 125g/12 ENGLISH BREAKFAST,FINISHED GOODS,2024-02-21,29,Warehouse 1,2024-02-14,16,Supplier C,10,193,180
80101-012-001-000-000-VACCUM-125G-EB,LEAF TEA 125g/12 ENGLISH BREAKFAST,FINISHED GOODS,2024-03-03,24,Warehouse 1,2024-03-11,38,Supplier E,12,180,194
80101-012-R00-EGY-ASC-VACCUM-125G-EB,LEAF TEA 125g/12 ENGLISH BREAKFAST,FINISHED GOODS,2024-08-28,38,Warehouse 1,2024-08-20,35,Supplier E,7,156,153
80101-012-R00-EGY-ASC-VACCUM-125G-EB,LEAF TEA 125g/12 ENGLISH BREAKFAST,FINISHED GOODS,2024-01-09,27,Warehouse 1,2024-01-01,58,Supplier D,12,153,184
80101-012-R00-EGY-ASC-VACCUM-125G-EB,LEAF TEA 125g/12 ENGLISH BREAKFAST,FINISHED GOODS,2024-06-26,46,Warehouse 1,2024-07-03,44,Supplier A,10,184,182
80101-012-R00-EGY-ASC-VACCUM-125G-EB,LEAF TEA 125g/12 ENGLISH BREAKFAST,FINISHED GOODS,2024-08-14,7,Warehouse 1,2024-08-09,41,Supplier E,10,182,216
80101-012-R00-EGY-ASC-VACCUM-125G-EB,LEAF TEA 125g/12 ENGLISH BREAKFAST,FINISHED GOODS,2024-03-08,29,Warehouse 1,2024-03-11,18,Supplier E,4,216,205
80101-012-R00-THA-GPW-VACCUM-125G-EB,LEAF TEA 125g/12 ENGLISH BREAKFAST,FINISHED GOODS,2024-05-02,45,Warehouse 1,2024-04-30,12,Supplier C,11,316,283
80101-012-R00-THA-GPW-VACCUM-125G-EB,LEAF TEA 125g/12 ENGLISH BREAKFAST,FINISHED GOODS,2024-06-18,38,Warehouse 1,2024-06-16,21,Supplier A,7,283,266
80101-012-R00-THA-GPW-VACCUM-125G-EB,LEAF TEA 125g/12 ENGLISH BREAKFAST,FINISHED GOODS,2024-05-03,15,Warehouse 1,2024-05-07,43,Supplier C,7,266,294
80101-012-R00-THA-GPW-VACCUM-125G-EB,LEAF TEA 125g/12 ENGLISH BREAKFAST,FINISHED GOODS,2024-02-06,30,Warehouse 1,2024-02-11,27,Supplier E,14,294,291
80101-012-R00-THA-GPW-VACCUM-125G-EB,LEAF TEA 125g/12 ENGLISH BREAKFAST,FINISHED GOODS,2024-03-21,9,Warehouse 1,2024-03-28,22,Supplier E,5,291,304
80106-012-R00-CHN-GCM-0025FE-2.0G-EA,FOIL ENV TBAG 025/2.0g/12 ENGLISH AFTERNOON,FINISHED GOODS,2024-02-09,7,Warehouse 1,2024-02-11,49,Supplier E,3,235,277
80106-012-R00-CHN-GCM-0025FE-2.0G-EA,FOIL ENV TBAG 025/2.0g/12 ENGLISH AFTERNOON,FINISHED GOODS,2024-05-26,10,Warehouse 1,2024-05-31,33,Supplier D,3,277,300
80106-012-R00-CHN-GCM-0025FE-2.0G-EA,FOIL ENV TBAG 025/2.0g/12 ENGLISH AFTERNOON,FINISHED GOODS,2024-02-14,45,Warehouse 1,2024-02-13,22,Supplier D,13,300,277
80106-012-R00-CHN-GCM-0025FE-2.0G-EA,FOIL ENV TBAG 025/2.0g/12 ENGLISH AFTERNOON,FINISHED GOODS,2024-05-12,42,Warehouse 1,2024-05-12,16,Supplier E,12,277,251
80106-012-R00-CHN-GCM-0025FE-2.0G-EA,FOIL ENV TBAG 025/2.0g/12 ENGLISH AFTERNOON,FINISHED GOODS,2024-06-08,35,Warehouse 1,2024-06-08,32,Supplier E,9,251,248
80106-012-R00-IRN-RSK-0025FE-2.0G-EA,FOIL ENV TBAG 025/2.0g/12 ENGLISH AFTERNOON,FINISHED GOODS,2024-09-14,22,Warehouse 1,2024-09-17,45,Supplier E,14,464,487
80106-012-R00-IRN-RSK-0025FE-2.0G-EA,FOIL ENV TBAG 025/2.0g/12 ENGLISH AFTERNOON,FINISHED GOODS,2024-08-11,43,Warehouse 1,2024-08-13,11,Supplier C,3,487,455
80106-012-R00-IRN-RSK-0025FE-2.0G-EA,FOIL ENV TBAG 025/2.0g/12 ENGLISH AFTERNOON,FINISHED GOODS,2024-08-10,45,Warehouse 1,2024-08-01,26,Supplier D,10,455,436
80106-012-R00-IRN-RSK-0025FE-2.0G-EA,FOIL ENV TBAG 025/2.0g/12 ENGLISH AFTERNOON,FINISHED GOODS,2024-03-14,49,Warehouse 1,2024-03-12,44,Supplier B,14,436,431
80106-012-R00-IRN-RSK-0025FE-2.0G-EA,FOIL ENV TBAG 025/2.0g/12 ENGLISH AFTERNOON,FINISHED GOODS,2024-02-06,19,Warehouse 1,2024-01-30,39,Supplier D,6,431,451
80106-012-R00-LBY-ADT-0025FE-2.0G-EA,FOIL ENV TBAG 025/2.0g/12 ENGLISH AFTERNOON,FINISHED GOODS,2024-07-10,8,Warehouse 1,2024-07-16,36,Supplier D,8,291,319
80106-012-R00-LBY-ADT-0025FE-2.0G-EA,FOIL ENV TBAG 025/2.0g/12 ENGLISH AFTERNOON,FINISHED GOODS,2024-07-11,21,Warehouse 1,2024-07-18,19,Supplier B,14,319,317
80106-012-R00-LBY-ADT-0025FE-2.0G-EA,FOIL ENV TBAG 025/2.0g/12 ENGLISH AFTERNOON,FINISHED GOODS,2024-01-07,40,Warehouse 1,2024-01-07,44,Supplier A,8,317,321
80106-012-R00-LBY-ADT-0025FE-2.0G-EA,FOIL ENV TBAG 025/2.0g/12 ENGLISH AFTERNOON,FINISHED GOODS,2024-02-27,19,Warehouse 1,2024-02-18,41,Supplier B,6,321,343
80106-012-R00-LBY-ADT-0025FE-2.0G-EA,FOIL ENV TBAG 025/2.0g/12 ENGLISH AFTERNOON,FINISHED GOODS,2024-02-08,21,Warehouse 1,2024-02-12,44,Supplier E,13,343,366
80106-012-R00-POL-GFS-0025FE-2.0G-EA,FOIL ENV TBAG 025/2.0g/12 ENGLISH AFTERNOON,FINISHED GOODS,2024-06-23,36,Warehouse 1,2024-06-26,11,Supplier D,8,421,396
80106-012-R00-POL-GFS-0025FE-2.0G-EA,FOIL ENV TBAG 025/2.0g/12 ENGLISH AFTERNOON,FINISHED GOODS,2024-07-13,15,Warehouse 1,2024-07-19,36,Supplier D,10,396,417
80106-012-R00-POL-GFS-0025FE-2.0G-EA,FOIL ENV TBAG 025/2.0g/12 ENGLISH AFTERNOON,FINISHED GOODS,2024-01-21,32,Warehouse 1,2024-01-25,38,Supplier E,13,417,423
80106-012-R00-POL-GFS-0025FE-2.0G-EA,FOIL ENV TBAG 025/2.0g/12 ENGLISH AFTERNOON,FINISHED GOODS,2024-05-26,24,Warehouse 1,2024-05-20,15,Supplier C,13,423,414
80106-012-R00-POL-GFS-0025FE-2.0G-EA,FOIL ENV TBAG 025/2.0g/12 ENGLISH AFTERNOON,FINISHED GOODS,2024-01-15,5,Warehouse 1,2024-01-06,47,Supplier E,5,414,456
80107-012-R00-ITA-NFF-0025FE-2.0G-DJ,FOIL ENV TBAG 025/2.0g/12 DARJEELING,FINISHED GOODS,2024-01-12,29,Warehouse 1,2024-01-19,33,Supplier D,13,369,373
80107-012-R00-ITA-NFF-0025FE-2.0G-DJ,FOIL ENV TBAG 025/2.0g/12 DARJEELING,FINISHED GOODS,2024-05-24,12,Warehouse 1,2024-05-21,55,Supplier C,4,373,416
80107-012-R00-ITA-NFF-0025FE-2.0G-DJ,FOIL ENV TBAG 025/2.0g/12 DARJEELING,FINISHED GOODS,2024-06-29,11,Warehouse 1,2024-06-21,12,Supplier D,11,416,417
80107-012-R00-ITA-NFF-0025FE-2.0G-DJ,FOIL ENV TBAG 025/2.0g/12 DARJEELING,FINISHED GOODS,2024-09-29,34,Warehouse 1,2024-09-30,23,Supplier D,6,417,406
80107-012-R00-ITA-NFF-0025FE-2.0G-DJ,FOIL ENV TBAG 025/2.0g/12 DARJEELING,FINISHED GOODS,2024-08-01,13,Warehouse 1,2024-07-23,47,Supplier C,3,406,440
80107-012-R00-PHL-EIC-0025FE-2.0G-DJ,FOIL ENV TBAG 025/2.0g/12 DARJEELING,FINISHED GOODS,2024-04-04,25,Warehouse 1,2024-03-30,27,Supplier C,11,121,123
80107-012-R00-PHL-EIC-0025FE-2.0G-DJ,FOIL ENV TBAG 025/2.0g/12 DARJEELING,FINISHED GOODS,2024-09-23,37,Warehouse 1,2024-10-01,47,Supplier A,3,123,133
80107-012-R00-PHL-EIC-0025FE-2.0G-DJ,FOIL ENV TBAG 025/2.0g/12 DARJEELING,FINISHED GOODS,2024-06-08,16,Warehouse 1,2024-06-12,55,Supplier D,6,133,172
80107-012-R00-PHL-EIC-0025FE-2.0G-DJ,FOIL ENV TBAG 025/2.0g/12 DARJEELING,FINISHED GOODS,2024-08-29,37,Warehouse 1,2024-08-19,19,Supplier B,3,172,154
80107-012-R00-PHL-EIC-0025FE-2.0G-DJ,FOIL ENV TBAG 025/2.0g/12 DARJEELING,FINISHED GOODS,2024-03-17,37,Warehouse 1,2024-03-26,50,Supplier B,8,154,167
80107-012-R00-USA-CVL-0025FE-2.0G-DJ,FOIL ENV TBAG 025/2.0g/12 DARJEELING,FINISHED GOODS,2024-03-30,6,Warehouse 1,2024-04-02,47,Supplier B,4,152,193
80107-012-R00-USA-CVL-0025FE-2.0G-DJ,FOIL ENV TBAG 025/2.0g/12 DARJEELING,FINISHED GOODS,2024-04-15,19,Warehouse 1,2024-04-16,43,Supplier A,10,193,217
80107-012-R00-USA-CVL-0025FE-2.0G-DJ,FOIL ENV TBAG 025/2.0g/12 DARJEELING,FINISHED GOODS,2024-05-02,15,Warehouse 1,2024-04-27,12,Supplier A,8,217,214
80107-012-R00-USA-CVL-0025FE-2.0G-DJ,FOIL ENV TBAG 025/2.0g/12 DARJEELING,FINISHED GOODS,2024-08-10,13,Warehouse 1,2024-08-08,48,Supplier B,14,214,249
80107-012-R00-USA-CVL-0025FE-2.0G-DJ,FOIL ENV TBAG 025/2.0g/12 DARJEELING,FINISHED GOODS,2024-06-26,12,Warehouse 1,2024-07-05,17,Supplier C,9,249,254
80112-006-BRT-NZL-CGL-0100PT-2.0G-EB,TAGLESS TBAG 100/2.0g + TEA TIMER/06 ENGLISH BREAKFAST,FINISHED GOODS,2024-01-22,20,Warehouse 1,2024-01-14,13,Supplier A,14,133,126
80112-006-BRT-NZL-CGL-0100PT-2.0G-EB,TAGLESS TBAG 100/2.0g + TEA TIMER/06 ENGLISH BREAKFAST,FINISHED GOODS,2024-01-12,46,Warehouse 1,2024-01-13,23,Supplier E,11,126,103
80112-006-BRT-NZL-CGL-0100PT-2.0G-EB,TAGLESS TBAG 100/2.0g + TEA TIMER/06 ENGLISH BREAKFAST,FINISHED GOODS,2024-02-24,49,Warehouse 1,2024-02-27,28,Supplier D,10,103,82
80112-006-BRT-NZL-CGL-0100PT-2.0G-EB,TAGLESS TBAG 100/2.0g + TEA TIMER/06 ENGLISH BREAKFAST,FINISHED GOODS,2024-10-26,33,Warehouse 1,2024-11-02,41,Supplier B,5,82,90
80112-006-BRT-NZL-CGL-0100PT-2.0G-EB,TAGLESS TBAG 100/2.0g + TEA TIMER/06 ENGLISH BREAKFAST,FINISHED GOODS,2024-02-28,26,Warehouse 1,2024-02-20,46,Supplier D,12,90,110
80119-012-R00-USA-CVL-0025ST-2.0G-EB,TAG TBAG 025/2.0g/12 ENGLISH BREAKFAST,FINISHED GOODS,2024-07-25,39,Warehouse 1,2024-07-15,38,Supplier D,3,292,291
80119-012-R00-USA-CVL-0025ST-2.0G-EB,TAG TBAG 025/2.0g/12 ENGLISH BREAKFAST,FINISHED GOODS,2024-06-07,34,Warehouse 1,2024-06-16,30,Supplier E,6,291,287
80119-012-R00-USA-CVL-0025ST-2.0G-EB,TAG TBAG 025/2.0g/12 ENGLISH BREAKFAST,FINISHED GOODS,2024-01-20,32,Warehouse 1,2024-01-27,53,Supplier A,5,287,308
80119-012-R00-USA-CVL-0025ST-2.0G-EB,TAG TBAG 025/2.0g/12 ENGLISH BREAKFAST,FINISHED GOODS,2024-09-06,36,Warehouse 1,2024-08-28,50,Supplier D,4,308,322
80119-012-R00-USA-CVL-0025ST-2.0G-EB,TAG TBAG 025/2.0g/12 ENGLISH BREAKFAST,FINISHED GOODS,2024-09-18,19,Warehouse 1,2024-09-14,43,Supplier B,5,322,346
80121-012-R00-ISL-EKH-0025ST-2.0G-DJ,TAG TBAG 025/2.0g/12 DARJEELING,FINISHED GOODS,2024-08-24,16,Warehouse 1,2024-08-31,12,Supplier E,3,420,416
80121-012-R00-ISL-EKH-0025ST-2.0G-DJ,TAG TBAG 025/2.0g/12 DARJEELING,FINISHED GOODS,2024-01-08,39,Warehouse 1,2024-01-01,35,Supplier B,14,416,412
80121-012-R00-ISL-EKH-0025ST-2.0G-DJ,TAG TBAG 025/2.0g/12 DARJEELING,FINISHED GOODS,2024-01-02,18,Warehouse 1,2023-12-27,23,Supplier E,8,412,417
80121-012-R00-ISL-EKH-0025ST-2.0G-DJ,TAG TBAG 025/2.0g/12 DARJEELING,FINISHED GOODS,2024-04-20,49,Warehouse 1,2024-04-23,50,Supplier A,6,417,418
80121-012-R00-ISL-EKH-0025ST-2.0G-DJ,TAG TBAG 025/2.0g/12 DARJEELING,FINISHED GOODS,2024-05-24,6,Warehouse 1,2024-05-15,48,Supplier C,7,418,460
80125-012-001-000-000-0025ST-2.0G-CS,TAG TBAG 025/2.0g/12 EXCLUSIVE CEYLON SUPREME,FINISHED GOODS,2024-06-12,5,Warehouse 1,2024-06-14,49,Supplier C,12,310,354
80125-012-001-000-000-0025ST-2.0G-CS,TAG TBAG 025/2.0g/12 EXCLUSIVE CEYLON SUPREME,FINISHED GOODS,2024-03-20,7,Warehouse 1,2024-03-19,23,Supplier E,12,354,370
80125-012-001-000-000-0025ST-2.0G-CS,TAG TBAG 025/2.0g/12 EXCLUSIVE CEYLON SUPREME,FINISHED GOODS,2024-09-13,16,Warehouse 1,2024-09-07,39,Supplier D,10,370,393
80125-012-001-000-000-0025ST-2.0G-CS,TAG TBAG 025/2.0g/12 EXCLUSIVE CEYLON SUPREME,FINISHED GOODS,2024-01-01,47,Warehouse 1,2024-01-10,21,Supplier D,11,393,367
80125-012-001-000-000-0025ST-2.0G-CS,TAG TBAG 025/2.0g/12 EXCLUSIVE CEYLON SUPREME,FINISHED GOODS,2024-06-23,47,Warehouse 1,2024-06-17,46,Supplier D,7,367,366
80126-006-R00-CAN-GTC-0020FE-2.0G-CS,FOIL ENV TBAG 020/2.0g/06 CEYLON SUPREME (CANADA),FINISHED GOODS,2024-07-25,48,Warehouse 1,2024-07-20,37,Supplier D,13,354,343
80126-006-R00-CAN-GTC-0020FE-2.0G-CS,FOIL ENV TBAG 020/2.0g/06 CEYLON SUPREME (CANADA),FINISHED GOODS,2024-05-09,24,Warehouse 1,2024-05-07,59,Supplier E,6,343,378
80126-006-R00-CAN-GTC-0020FE-2.0G-CS,FOIL ENV TBAG 020/2.0g/06 CEYLON SUPREME (CANADA),FINISHED GOODS,2024-01-01,30,Warehouse 1,2023-12-24,38,Supplier E,7,378,386
80126-006-R00-CAN-GTC-0020FE-2.0G-CS,FOIL ENV TBAG 020/2.0g/06 CEYLON SUPREME (CANADA),FINISHED GOODS,2024-06-27,9,Warehouse 1,2024-06-30,42,Supplier D,12,386,419
80126-006-R00-CAN-GTC-0020FE-2.0G-CS,FOIL ENV TBAG 020/2.0g/06 CEYLON SUPREME (CANADA),FINISHED GOODS,2024-08-03,24,Warehouse 1,2024-08-03,59,Supplier B,11,419,454
80127-012-R00-JPN-WCL-0020FE-2.0G-EB,FOIL ENV TBAG 020/2.0g/12 ENGLISH BREAKFAST,FINISHED GOODS,2024-08-10,33,Warehouse 1,2024-08-14,48,Supplier C,4,355,370
80127-012-R00-JPN-WCL-0020FE-2.0G-EB,FOIL ENV TBAG 020/2.0g/12 ENGLISH BREAKFAST,FINISHED GOODS,2024-10-20,27,Warehouse 1,2024-10-29,53,Supplier E,6,370,396
80127-012-R00-JPN-WCL-0020FE-2.0G-EB,FOIL ENV TBAG 020/2.0g/12 ENGLISH BREAKFAST,FINISHED GOODS,2024-08-21,20,Warehouse 1,2024-08-18,59,Supplier B,7,396,435
80127-012-R00-JPN-WCL-0020FE-2.0G-EB,FOIL ENV TBAG 020/2.0g/12 ENGLISH BREAKFAST,FINISHED GOODS,2024-06-05,5,Warehouse 1,2024-05-31,17,Supplier E,8,435,447
80127-012-R00-JPN-WCL-0020FE-2.0G-EB,FOIL ENV TBAG 020/2.0g/12 ENGLISH BREAKFAST,FINISHED GOODS,2024-04-28,38,Warehouse 1,2024-04-28,10,Supplier B,4,447,419
80133-024-R00-RUS-BZM-0025ST-2.0G-EB,TAG TBAG 025/2.0g/24 ENGLISH BREAKFAST ROYALE,FINISHED GOODS,2024-08-19,30,Warehouse 1,2024-08-25,17,Supplier D,13,194,181
80133-024-R00-RUS-BZM-0025ST-2.0G-EB,TAG TBAG 025/2.0g/24 ENGLISH BREAKFAST ROYALE,FINISHED GOODS,2024-10-15,12,Warehouse 1,2024-10-05,34,Supplier C,7,181,203
80133-024-R00-RUS-BZM-0025ST-2.0G-EB,TAG TBAG 025/2.0g/24 ENGLISH BREAKFAST ROYALE,FINISHED GOODS,2024-03-30,9,Warehouse 1,2024-03-21,50,Supplier B,8,203,244
80133-024-R00-RUS-BZM-0025ST-2.0G-EB,TAG TBAG 025/2.0g/24 ENGLISH BREAKFAST ROYALE,FINISHED GOODS,2024-06-17,13,Warehouse 1,2024-06-22,42,Supplier E,11,244,273
80133-024-R00-RUS-BZM-0025ST-2.0G-EB,TAG TBAG 025/2.0g/24 ENGLISH BREAKFAST ROYALE,FINISHED GOODS,2024-04-07,17,Warehouse 1,2024-04-02,40,Supplier D,8,273,296
80145-006-001-000-000-0020FE-2.0G-IB,FOIL ENV TBAG 020/2.0g/06 IRISH BREAKFAST,FINISHED GOODS,2024-03-22,10,Warehouse 1,2024-03-24,43,Supplier A,9,68,101
80145-006-001-000-000-0020FE-2.0G-IB,FOIL ENV TBAG 020/2.0g/06 IRISH BREAKFAST,FINISHED GOODS,2024-05-08,23,Warehouse 1,2024-05-04,54,Supplier A,7,101,132
80145-006-001-000-000-0020FE-2.0G-IB,FOIL ENV TBAG 020/2.0g/06 IRISH BREAKFAST,FINISHED GOODS,2024-03-16,19,Warehouse 1,2024-03-12,10,Supplier E,5,132,123
80145-006-001-000-000-0020FE-2.0G-IB,FOIL ENV TBAG 020/2.0g/06 IRISH BREAKFAST,FINISHED GOODS,2024-08-11,33,Warehouse 1,2024-08-17,34,Supplier C,14,123,124
80145-006-001-000-000-0020FE-2.0G-IB,FOIL ENV TBAG 020/2.0g/06 IRISH BREAKFAST,FINISHED GOODS,2024-09-23,42,Warehouse 1,2024-09-15,35,Supplier B,4,124,117
80164-006-R00-IRN-RSK-0025FE-2.0G-MW,FOIL ENV TBAG 025/2.0g/06 (C) MEDAWATTE,FINISHED GOODS,2024-03-25,13,Warehouse 1,2024-03-22,12,Supplier B,8,479,478
80164-006-R00-IRN-RSK-0025FE-2.0G-MW,FOIL ENV TBAG 025/2.0g/06 (C) MEDAWATTE,FINISHED GOODS,2024-06-02,32,Warehouse 1,2024-06-03,38,Supplier E,4,478,484
80164-006-R00-IRN-RSK-0025FE-2.0G-MW,FOIL ENV TBAG 025/2.0g/06 (C) MEDAWATTE,FINISHED GOODS,2024-10-26,41,Warehouse 1,2024-10-19,24,Supplier C,9,484,467
80164-006-R00-IRN-RSK-0025FE-2.0G-MW,FOIL ENV TBAG 025/2.0g/06 (C) MEDAWATTE,FINISHED GOODS,2024-01-21,10,Warehouse 1,2024-01-21,55,Supplier E,14,467,512
80164-006-R00-IRN-RSK-0025FE-2.0G-MW,FOIL ENV TBAG 025/2.0g/06 (C) MEDAWATTE,FINISHED GOODS,2024-10-18,19,Warehouse 1,2024-10-18,34,Supplier C,6,512,527
80244-012-R00-CZE-ESR-0020ST-1.5G-BC,TAG TBAG 020/1.5g/12 BLACKCURRANT,FINISHED GOODS,2024-10-01,17,Warehouse 1,2024-09-22,31,Supplier E,6,326,340
80244-012-R00-CZE-ESR-0020ST-1.5G-BC,TAG TBAG 020/1.5g/12 BLACKCURRANT,FINISHED GOODS,2024-08-26,31,Warehouse 1,2024-08-18,38,Supplier B,6,340,347
80244-012-R00-CZE-ESR-0020ST-1.5G-BC,TAG TBAG 020/1.5g/12 BLACKCURRANT,FINISHED GOODS,2024-01-02,34,Warehouse 1,2024-01-08,27,Supplier E,6,347,340
80244-012-R00-CZE-ESR-0020ST-1.5G-BC,TAG TBAG 020/1.5g/12 BLACKCURRANT,FINISHED GOODS,2024-09-19,30,Warehouse 1,2024-09-20,34,Supplier B,9,340,344
80244-012-R00-CZE-ESR-0020ST-1.5G-BC,TAG TBAG 020/1.5g/12 BLACKCURRANT,FINISHED GOODS,2024-03-11,17,Warehouse 1,2024-03-17,40,Supplier B,12,344,367
80245-012-R00-ISL-EKH-0020ST-1.5G-BB.VN,TAG TBAG 020/1.5g/12 BLUEBERRY & VANILLA,FINISHED GOODS,2024-09-19,40,Warehouse 1,2024-09-09,29,Supplier D,10,489,478
80245-012-R00-ISL-EKH-0020ST-1.5G-BB.VN,TAG TBAG 020/1.5g/12 BLUEBERRY & VANILLA,FINISHED GOODS,2024-02-16,49,Warehouse 1,2024-02-18,51,Supplier E,8,478,480
80245-012-R00-ISL-EKH-0020ST-1.5G-BB.VN,TAG TBAG 020/1.5g/12 BLUEBERRY & VANILLA,FINISHED GOODS,2024-01-26,32,Warehouse 1,2024-01-24,18,Supplier B,10,480,466
80245-012-R00-ISL-EKH-0020ST-1.5G-BB.VN,TAG TBAG 020/1.5g/12 BLUEBERRY & VANILLA,FINISHED GOODS,2024-05-31,46,Warehouse 1,2024-06-05,17,Supplier A,12,466,437
80245-012-R00-ISL-EKH-0020ST-1.5G-BB.VN,TAG TBAG 020/1.5g/12 BLUEBERRY & VANILLA,FINISHED GOODS,2024-03-08,31,Warehouse 1,2024-03-15,46,Supplier C,6,437,452
80245-012-R00-KEN-AMS-0020ST-1.5G-BB.VN,TAG TBAG 020/1.5g/12 BLUEBERRY & VANILLA,FINISHED GOODS,2024-05-25,43,Warehouse 1,2024-06-02,19,Supplier D,12,109,85
80245-012-R00-KEN-AMS-0020ST-1.5G-BB.VN,TAG TBAG 020/1.5g/12 BLUEBERRY & VANILLA,FINISHED GOODS,2024-03-09,37,Warehouse 1,2024-03-13,59,Supplier A,5,85,107
80245-012-R00-KEN-AMS-0020ST-1.5G-BB.VN,TAG TBAG 020/1.5g/12 BLUEBERRY & VANILLA,FINISHED GOODS,2024-06-09,48,Warehouse 1,2024-06-15,43,Supplier E,5,107,102
80245-012-R00-KEN-AMS-0020ST-1.5G-BB.VN,TAG TBAG 020/1.5g/12 BLUEBERRY & VANILLA,FINISHED GOODS,2024-06-08,32,Warehouse 1,2024-06-08,16,Supplier B,11,102,86
80245-012-R00-KEN-AMS-0020ST-1.5G-BB.VN,TAG TBAG 020/1.5g/12 BLUEBERRY & VANILLA,FINISHED GOODS,2024-09-10,18,Warehouse 1,2024-09-01,22,Supplier C,9,86,90
80245-012-RSR-POL-GFS-0020ST-1.5G-BB.VN,TAG TBAG 020/1.5g/12 BLUEBERRY & VANILLA,FINISHED GOODS,2024-02-11,22,Warehouse 1,2024-02-07,12,Supplier A,3,134,124
80245-012-RSR-POL-GFS-0020ST-1.5G-BB.VN,TAG TBAG 020/1.5g/12 BLUEBERRY & VANILLA,FINISHED GOODS,2024-10-06,15,Warehouse 1,2024-10-09,48,Supplier C,6,124,157
80245-012-RSR-POL-GFS-0020ST-1.5G-BB.VN,TAG TBAG 020/1.5g/12 BLUEBERRY & VANILLA,FINISHED GOODS,2024-02-11,30,Warehouse 1,2024-02-07,47,Supplier E,6,157,174
80245-012-RSR-POL-GFS-0020ST-1.5G-BB.VN,TAG TBAG 020/1.5g/12 BLUEBERRY & VANILLA,FINISHED GOODS,2024-06-12,44,Warehouse 1,2024-06-04,46,Supplier A,10,174,176
80245-012-RSR-POL-GFS-0020ST-1.5G-BB.VN,TAG TBAG 020/1.5g/12 BLUEBERRY & VANILLA,FINISHED GOODS,2024-07-14,37,Warehouse 1,2024-07-16,15,Supplier A,14,176,154
80250-012-R00-USA-CVL-0020ST-1.5G-GN.HNY,TAG TBAG 020/1.5g/12 GINGER & HONEY,FINISHED GOODS,2024-01-27,9,Warehouse 1,2024-01-24,53,Supplier B,5,179,223
80250-012-R00-USA-CVL-0020ST-1.5G-GN.HNY,TAG TBAG 020/1.5g/12 GINGER & HONEY,FINISHED GOODS,2024-05-09,48,Warehouse 1,2024-05-10,12,Supplier B,8,223,187
80250-012-R00-USA-CVL-0020ST-1.5G-GN.HNY,TAG TBAG 020/1.5g/12 GINGER & HONEY,FINISHED GOODS,2024-10-12,21,Warehouse 1,2024-10-21,44,Supplier D,12,187,210
80250-012-R00-USA-CVL-0020ST-1.5G-GN.HNY,TAG TBAG 020/1.5g/12 GINGER & HONEY,FINISHED GOODS,2024-10-13,40,Warehouse 1,2024-10-17,14,Supplier A,9,210,184
80250-012-R00-USA-CVL-0020ST-1.5G-GN.HNY,TAG TBAG 020/1.5g/12 GINGER & HONEY,FINISHED GOODS,2024-06-06,20,Warehouse 1,2024-06-11,51,Supplier D,3,184,215
80251-006-R00-EGY-ASC-0020ST-1.5G-LM,TAG TBAG 020/1.5g/6 LEMON,FINISHED GOODS,2024-01-03,16,Warehouse 1,2024-01-08,17,Supplier E,9,449,450
80251-006-R00-EGY-ASC-0020ST-1.5G-LM,TAG TBAG 020/1.5g/6 LEMON,FINISHED GOODS,2024-04-27,32,Warehouse 1,2024-04-21,49,Supplier D,10,450,467
80251-006-R00-EGY-ASC-0020ST-1.5G-LM,TAG TBAG 020/1.5g/6 LEMON,FINISHED GOODS,2024-04-30,48,Warehouse 1,2024-05-09,10,Supplier B,10,467,429
80251-006-R00-EGY-ASC-0020ST-1.5G-LM,TAG TBAG 020/1.5g/6 LEMON,FINISHED GOODS,2024-06-09,43,Warehouse 1,2024-06-14,41,Supplier D,8,429,427
80251-006-R00-EGY-ASC-0020ST-1.5G-LM,TAG TBAG 020/1.5g/6 LEMON,FINISHED GOODS,2024-10-18,38,Warehouse 1,2024-10-08,23,Supplier B,4,427,412
80251-012-R00-RUS-JTC-0020ST-1.5G-LM,TAG TBAG 020/1.5g/12 LEMON,FINISHED GOODS,2024-09-05,25,Warehouse 1,2024-09-03,11,Supplier A,13,410,396
80251-012-R00-RUS-JTC-0020ST-1.5G-LM,TAG TBAG 020/1.5g/12 LEMON,FINISHED GOODS,2024-06-02,7,Warehouse 1,2024-05-26,32,Supplier B,9,396,421
80251-012-R00-RUS-JTC-0020ST-1.5G-LM,TAG TBAG 020/1.5g/12 LEMON,FINISHED GOODS,2024-05-22,10,Warehouse 1,2024-05-16,44,Supplier D,12,421,455
80251-012-R00-RUS-JTC-0020ST-1.5G-LM,TAG TBAG 020/1.5g/12 LEMON,FINISHED GOODS,2024-02-18,16,Warehouse 1,2024-02-17,56,Supplier B,5,455,495
80251-012-R00-RUS-JTC-0020ST-1.5G-LM,TAG TBAG 020/1.5g/12 LEMON,FINISHED GOODS,2024-06-06,34,Warehouse 1,2024-06-09,33,Supplier C,9,495,494
80251-012-R00-RUS-JTC-0020ST-1.5G-LM,TAG TBAG 020/1.5g/12 LEMON,FINISHED GOODS,2024-06-11,18,Warehouse 1,2024-06-02,18,Supplier C,4,485,485
80251-012-R00-RUS-JTC-0020ST-1.5G-LM,TAG TBAG 020/1.5g/12 LEMON,FINISHED GOODS,2024-07-24,39,Warehouse 1,2024-08-02,27,Supplier B,12,485,473
80251-012-R00-RUS-JTC-0020ST-1.5G-LM,TAG TBAG 020/1.5g/12 LEMON,FINISHED GOODS,2024-10-07,29,Warehouse 1,2024-09-27,11,Supplier D,3,473,455
80251-012-R00-RUS-JTC-0020ST-1.5G-LM,TAG TBAG 020/1.5g/12 LEMON,FINISHED GOODS,2024-01-25,20,Warehouse 1,2024-01-27,55,Supplier E,4,455,490
80251-012-R00-RUS-JTC-0020ST-1.5G-LM,TAG TBAG 020/1.5g/12 LEMON,FINISHED GOODS,2024-01-25,12,Warehouse 1,2024-01-29,30,Supplier D,14,490,508
80260-012-R00-SWE-TEK-0020ST-1.5G-RB,TAG TBAG 020/1.5g/12 RASPBERRY,FINISHED GOODS,2024-04-01,36,Warehouse 1,2024-04-03,41,Supplier D,4,61,66
80260-012-R00-SWE-TEK-0020ST-1.5G-RB,TAG TBAG 020/1.5g/12 RASPBERRY,FINISHED GOODS,2024-06-08,33,Warehouse 1,2024-06-08,15,Supplier B,14,66,48
80260-012-R00-SWE-TEK-0020ST-1.5G-RB,TAG TBAG 020/1.5g/12 RASPBERRY,FINISHED GOODS,2024-10-13,27,Warehouse 1,2024-10-21,28,Supplier E,5,48,49
80260-012-R00-SWE-TEK-0020ST-1.5G-RB,TAG TBAG 020/1.5g/12 RASPBERRY,FINISHED GOODS,2024-05-09,38,Warehouse 1,2024-05-09,19,Supplier B,10,49,30
80260-012-R00-SWE-TEK-0020ST-1.5G-RB,TAG TBAG 020/1.5g/12 RASPBERRY,FINISHED GOODS,2024-03-23,19,Warehouse 1,2024-03-21,18,Supplier C,7,30,29
80260-012-R00-UKR-THA-0020ST-1.5G-RB,TAG TBAG 020/1.5g/12 RASPBERRY,FINISHED GOODS,2024-09-19,32,Warehouse 1,2024-09-24,55,Supplier D,3,378,401
80260-012-R00-UKR-THA-0020ST-1.5G-RB,TAG TBAG 020/1.5g/12 RASPBERRY,FINISHED GOODS,2024-04-12,8,Warehouse 1,2024-04-09,13,Supplier A,7,401,406
80260-012-R00-UKR-THA-0020ST-1.5G-RB,TAG TBAG 020/1.5g/12 RASPBERRY,FINISHED GOODS,2024-05-03,43,Warehouse 1,2024-04-28,38,Supplier B,7,406,401
80260-012-R00-UKR-THA-0020ST-1.5G-RB,TAG TBAG 020/1.5g/12 RASPBERRY,FINISHED GOODS,2024-06-03,39,Warehouse 1,2024-06-06,16,Supplier E,8,401,378
80260-012-R00-UKR-THA-0020ST-1.5G-RB,TAG TBAG 020/1.5g/12 RASPBERRY,FINISHED GOODS,2024-03-02,9,Warehouse 1,2024-02-26,11,Supplier E,12,378,380
80283-012-R00-BGR-AVL-0020FE-2.0G-VN,FOIL ENV TBAG 020/2.0g/12 VANILLA,FINISHED GOODS,2024-03-05,43,Warehouse 1,2024-03-07,14,Supplier E,12,363,334
80283-012-R00-BGR-AVL-0020FE-2.0G-VN,FOIL ENV TBAG 020/2.0g/12 VANILLA,FINISHED GOODS,2024-06-29,49,Warehouse 1,2024-07-06,30,Supplier E,6,334,315
80283-012-R00-BGR-AVL-0020FE-2.0G-VN,FOIL ENV TBAG 020/2.0g/12 VANILLA,FINISHED GOODS,2024-07-06,21,Warehouse 1,2024-07-06,44,Supplier E,6,315,338
80283-012-R00-BGR-AVL-0020FE-2.0G-VN,FOIL ENV TBAG 020/2.0g/12 VANILLA,FINISHED GOODS,2024-02-03,30,Warehouse 1,2024-02-12,13,Supplier D,4,338,321
80283-012-R00-BGR-AVL-0020FE-2.0G-VN,FOIL ENV TBAG 020/2.0g/12 VANILLA,FINISHED GOODS,2024-08-20,44,Warehouse 1,2024-08-29,44,Supplier E,8,321,321
80283-012-R00-THA-GPW-0020FE-2.0G-VN,FOIL ENV TBAG 020/2.0g/12 VANILLA,FINISHED GOODS,2024-04-22,25,Warehouse 1,2024-04-20,51,Supplier A,10,91,117
80283-012-R00-THA-GPW-0020FE-2.0G-VN,FOIL ENV TBAG 020/2.0g/12 VANILLA,FINISHED GOODS,2024-05-08,13,Warehouse 1,2024-04-29,50,Supplier D,3,117,154
80283-012-R00-THA-GPW-0020FE-2.0G-VN,FOIL ENV TBAG 020/2.0g/12 VANILLA,FINISHED GOODS,2024-08-19,14,Warehouse 1,2024-08-19,59,Supplier B,10,154,199
80283-012-R00-THA-GPW-0020FE-2.0G-VN,FOIL ENV TBAG 020/2.0g/12 VANILLA,FINISHED GOODS,2024-03-19,26,Warehouse 1,2024-03-25,17,Supplier D,9,199,190
80283-012-R00-THA-GPW-0020FE-2.0G-VN,FOIL ENV TBAG 020/2.0g/12 VANILLA,FINISHED GOODS,2024-03-09,28,Warehouse 1,2024-03-10,54,Supplier A,9,190,216
80283-012-R00-WAF-SSG-0020FE-2.0G-VN,FOIL ENV TBAG 020/2.0g/12 VANILLA,FINISHED GOODS,2024-07-18,12,Warehouse 1,2024-07-18,22,Supplier A,5,150,160
80283-012-R00-WAF-SSG-0020FE-2.0G-VN,FOIL ENV TBAG 020/2.0g/12 VANILLA,FINISHED GOODS,2024-05-31,28,Warehouse 1,2024-06-06,44,Supplier E,6,160,176
80283-012-R00-WAF-SSG-0020FE-2.0G-VN,FOIL ENV TBAG 020/2.0g/12 VANILLA,FINISHED GOODS,2024-08-15,25,Warehouse 1,2024-08-15,49,Supplier D,5,176,200
80283-012-R00-WAF-SSG-0020FE-2.0G-VN,FOIL ENV TBAG 020/2.0g/12 VANILLA,FINISHED GOODS,2024-02-20,11,Warehouse 1,2024-02-20,37,Supplier B,7,200,226
80283-012-R00-WAF-SSG-0020FE-2.0G-VN,FOIL ENV TBAG 020/2.0g/12 VANILLA,FINISHED GOODS,2024-01-08,9,Warehouse 1,2024-01-07,39,Supplier D,3,226,256
80283-012-R00-WAF-SSG-0020FE-2.0G-VN,FOIL ENV TBAG 020/2.0g/12 VANILLA,FINISHED GOODS,2024-02-18,12,Warehouse 1,2024-02-11,49,Supplier D,11,272,309
80283-012-R00-WAF-SSG-0020FE-2.0G-VN,FOIL ENV TBAG 020/2.0g/12 VANILLA,FINISHED GOODS,2024-04-28,45,Warehouse 1,2024-05-05,34,Supplier B,7,309,298
80283-012-R00-WAF-SSG-0020FE-2.0G-VN,FOIL ENV TBAG 020/2.0g/12 VANILLA,FINISHED GOODS,2024-09-14,40,Warehouse 1,2024-09-16,21,Supplier E,14,298,279
80283-012-R00-WAF-SSG-0020FE-2.0G-VN,FOIL ENV TBAG 020/2.0g/12 VANILLA,FINISHED GOODS,2024-01-10,38,Warehouse 1,2024-01-14,20,Supplier A,10,279,261
80283-012-R00-WAF-SSG-0020FE-2.0G-VN,FOIL ENV TBAG 020/2.0g/12 VANILLA,FINISHED GOODS,2024-06-01,22,Warehouse 1,2024-05-29,18,Supplier C,14,261,257
80311-006-R00-CAN-EFF-0020FE-1.5G-MCS.GCS,FOIL ENV TBAG 020/1.5g/06 MASALA CHAI GENTLE CEYLON SPICE(CA,FINISHED GOODS,2024-07-31,26,Warehouse 1,2024-08-01,39,Supplier C,3,163,176
80311-006-R00-CAN-EFF-0020FE-1.5G-MCS.GCS,FOIL ENV TBAG 020/1.5g/06 MASALA CHAI GENTLE CEYLON SPICE(CA,FINISHED GOODS,2024-05-01,25,Warehouse 1,2024-04-27,44,Supplier A,14,176,195
80311-006-R00-CAN-EFF-0020FE-1.5G-MCS.GCS,FOIL ENV TBAG 020/1.5g/06 MASALA CHAI GENTLE CEYLON SPICE(CA,FINISHED GOODS,2024-01-18,45,Warehouse 1,2024-01-20,56,Supplier E,10,195,206
80311-006-R00-CAN-EFF-0020FE-1.5G-MCS.GCS,FOIL ENV TBAG 020/1.5g/06 MASALA CHAI GENTLE CEYLON SPICE(CA,FINISHED GOODS,2024-05-14,44,Warehouse 1,2024-05-15,55,Supplier C,8,206,217
80311-006-R00-CAN-EFF-0020FE-1.5G-MCS.GCS,FOIL ENV TBAG 020/1.5g/06 MASALA CHAI GENTLE CEYLON SPICE(CA,FINISHED GOODS,2024-01-22,26,Warehouse 1,2024-01-24,52,Supplier B,4,217,243
80314-006-R00-HKN-QTL-0025FE-2.0G-EGOS,FOIL ENV TBAG 025/2.0g/06 EMERALD GREEN-ORGANIC SENCHA GREEN TEA,FINISHED GOODS,2024-10-09,25,Warehouse 1,2024-10-16,24,Supplier C,9,78,77
80314-006-R00-HKN-QTL-0025FE-2.0G-EGOS,FOIL ENV TBAG 025/2.0g/06 EMERALD GREEN-ORGANIC SENCHA GREEN TEA,FINISHED GOODS,2024-10-04,28,Warehouse 1,2024-10-04,53,Supplier E,3,77,102
80314-006-R00-HKN-QTL-0025FE-2.0G-EGOS,FOIL ENV TBAG 025/2.0g/06 EMERALD GREEN-ORGANIC SENCHA GREEN TEA,FINISHED GOODS,2024-01-23,7,Warehouse 1,2024-01-19,28,Supplier D,11,102,123
80314-006-R00-HKN-QTL-0025FE-2.0G-EGOS,FOIL ENV TBAG 025/2.0g/06 EMERALD GREEN-ORGANIC SENCHA GREEN TEA,FINISHED GOODS,2024-05-15,41,Warehouse 1,2024-05-14,56,Supplier B,10,123,138
80314-006-R00-HKN-QTL-0025FE-2.0G-EGOS,FOIL ENV TBAG 025/2.0g/06 EMERALD GREEN-ORGANIC SENCHA GREEN TEA,FINISHED GOODS,2024-09-17,5,Warehouse 1,2024-09-09,53,Supplier A,6,138,186
80314-006-R00-IDN-EWI-0025FE-2.0G-EGOS,FOIL ENV TBAG 025/2.0g/06 EMERALD GREEN-ORGANIC SENCHA GREEN TEA,FINISHED GOODS,2024-01-10,39,Warehouse 1,2024-01-13,41,Supplier C,13,153,155
80314-006-R00-IDN-EWI-0025FE-2.0G-EGOS,FOIL ENV TBAG 025/2.0g/06 EMERALD GREEN-ORGANIC SENCHA GREEN TEA,FINISHED GOODS,2024-04-21,6,Warehouse 1,2024-04-23,50,Supplier A,6,155,199
80314-006-R00-IDN-EWI-0025FE-2.0G-EGOS,FOIL ENV TBAG 025/2.0g/06 EMERALD GREEN-ORGANIC SENCHA GREEN TEA,FINISHED GOODS,2024-08-21,40,Warehouse 1,2024-08-22,31,Supplier A,11,199,190
80314-006-R00-IDN-EWI-0025FE-2.0G-EGOS,FOIL ENV TBAG 025/2.0g/06 EMERALD GREEN-ORGANIC SENCHA GREEN TEA,FINISHED GOODS,2024-03-15,38,Warehouse 1,2024-03-20,29,Supplier C,9,190,181
80314-006-R00-IDN-EWI-0025FE-2.0G-EGOS,FOIL ENV TBAG 025/2.0g/06 EMERALD GREEN-ORGANIC SENCHA GREEN TEA,FINISHED GOODS,2024-04-10,10,Warehouse 1,2024-04-03,28,Supplier E,6,181,199
80314-006-R00-MYS-DCP-0025FE-2.0G-EGOS,FOIL ENV TBAG 025/2.0g/06 EMERALD GREEN-ORGANIC SENCHA GREEN TEA,FINISHED GOODS,2024-08-14,14,Warehouse 1,2024-08-08,33,Supplier E,8,69,88
80314-006-R00-MYS-DCP-0025FE-2.0G-EGOS,FOIL ENV TBAG 025/2.0g/06 EMERALD GREEN-ORGANIC SENCHA GREEN TEA,FINISHED GOODS,2024-07-20,44,Warehouse 1,2024-07-15,48,Supplier D,14,88,92
80314-006-R00-MYS-DCP-0025FE-2.0G-EGOS,FOIL ENV TBAG 025/2.0g/06 EMERALD GREEN-ORGANIC SENCHA GREEN TEA,FINISHED GOODS,2024-09-29,49,Warehouse 1,2024-09-25,29,Supplier D,5,92,72
80314-006-R00-MYS-DCP-0025FE-2.0G-EGOS,FOIL ENV TBAG 025/2.0g/06 EMERALD GREEN-ORGANIC SENCHA GREEN TEA,FINISHED GOODS,2024-07-04,28,Warehouse 1,2024-07-13,46,Supplier D,10,72,90
80314-006-R00-MYS-DCP-0025FE-2.0G-EGOS,FOIL ENV TBAG 025/2.0g/06 EMERALD GREEN-ORGANIC SENCHA GREEN TEA,FINISHED GOODS,2024-06-06,28,Warehouse 1,2024-06-13,43,Supplier C,14,90,105
80316-006-R00-PHL-ADB-0025FE-2.0G-FMDOI,FOIL ENV TBAG 025/2.0g/06 FRUITY MINTY DELICIOUS-ORGANIC INFUSION,FINISHED GOODS,2024-07-29,23,Warehouse 1,2024-07-31,58,Supplier D,12,109,144
80316-006-R00-PHL-ADB-0025FE-2.0G-FMDOI,FOIL ENV TBAG 025/2.0g/06 FRUITY MINTY DELICIOUS-ORGANIC INFUSION,FINISHED GOODS,2024-07-10,42,Warehouse 1,2024-07-18,40,Supplier E,6,144,142
80316-006-R00-PHL-ADB-0025FE-2.0G-FMDOI,FOIL ENV TBAG 025/2.0g/06 FRUITY MINTY DELICIOUS-ORGANIC INFUSION,FINISHED GOODS,2024-07-01,34,Warehouse 1,2024-06-21,58,Supplier B,6,142,166
80316-006-R00-PHL-ADB-0025FE-2.0G-FMDOI,FOIL ENV TBAG 025/2.0g/06 FRUITY MINTY DELICIOUS-ORGANIC INFUSION,FINISHED GOODS,2024-04-27,32,Warehouse 1,2024-04-29,56,Supplier A,3,166,190
80316-006-R00-PHL-ADB-0025FE-2.0G-FMDOI,FOIL ENV TBAG 025/2.0g/06 FRUITY MINTY DELICIOUS-ORGANIC INFUSION,FINISHED GOODS,2024-05-27,10,Warehouse 1,2024-06-01,13,Supplier C,8,190,193
80327-006-R00-JPN-WCL-0020FE-2.0G-ORGBFT,FOIL ENV TBAG 020/2.0g/06 ORGANIC ENGLISH BREAKFAST,FINISHED GOODS,2024-05-16,18,Warehouse 1,2024-05-21,20,Supplier E,11,96,98
80327-006-R00-JPN-WCL-0020FE-2.0G-ORGBFT,FOIL ENV TBAG 020/2.0g/06 ORGANIC ENGLISH BREAKFAST,FINISHED GOODS,2024-09-15,14,Warehouse 1,2024-09-17,59,Supplier C,3,98,143
80327-006-R00-JPN-WCL-0020FE-2.0G-ORGBFT,FOIL ENV TBAG 020/2.0g/06 ORGANIC ENGLISH BREAKFAST,FINISHED GOODS,2024-07-16,34,Warehouse 1,2024-07-22,54,Supplier C,5,143,163
80327-006-R00-JPN-WCL-0020FE-2.0G-ORGBFT,FOIL ENV TBAG 020/2.0g/06 ORGANIC ENGLISH BREAKFAST,FINISHED GOODS,2024-02-04,23,Warehouse 1,2024-02-07,51,Supplier B,5,163,191
80327-006-R00-JPN-WCL-0020FE-2.0G-ORGBFT,FOIL ENV TBAG 020/2.0g/06 ORGANIC ENGLISH BREAKFAST,FINISHED GOODS,2024-02-18,9,Warehouse 1,2024-02-17,38,Supplier E,6,191,220
80342-012-R00-UZB-AZI-0025ST-2.0G-SGT,TAG TBAG 025/2.0g/12 SENCHA GREEN,FINISHED GOODS,2024-05-05,30,Warehouse 1,2024-05-01,13,Supplier B,5,119,102
80342-012-R00-UZB-AZI-0025ST-2.0G-SGT,TAG TBAG 025/2.0g/12 SENCHA GREEN,FINISHED GOODS,2024-04-09,5,Warehouse 1,2024-04-04,33,Supplier A,8,102,130
80342-012-R00-UZB-AZI-0025ST-2.0G-SGT,TAG TBAG 025/2.0g/12 SENCHA GREEN,FINISHED GOODS,2024-03-24,48,Warehouse 1,2024-03-17,40,Supplier E,10,130,122
80342-012-R00-UZB-AZI-0025ST-2.0G-SGT,TAG TBAG 025/2.0g/12 SENCHA GREEN,FINISHED GOODS,2024-08-07,48,Warehouse 1,2024-08-03,51,Supplier C,9,122,125
80342-012-R00-UZB-AZI-0025ST-2.0G-SGT,TAG TBAG 025/2.0g/12 SENCHA GREEN,FINISHED GOODS,2024-04-29,32,Warehouse 1,2024-04-28,23,Supplier B,11,125,116
80347-012-R00-AZE-FMC-0025ST-1.5G-GMM,TAG TBAG 025/1.5g/12 GREEN TEA MOROCCAN MINT,FINISHED GOODS,2024-08-15,10,Warehouse 1,2024-08-15,53,Supplier D,4,254,297
80347-012-R00-AZE-FMC-0025ST-1.5G-GMM,TAG TBAG 025/1.5g/12 GREEN TEA MOROCCAN MINT,FINISHED GOODS,2024-07-14,47,Warehouse 1,2024-07-21,30,Supplier A,13,297,280
80347-012-R00-AZE-FMC-0025ST-1.5G-GMM,TAG TBAG 025/1.5g/12 GREEN TEA MOROCCAN MINT,FINISHED GOODS,2024-05-06,11,Warehouse 1,2024-05-10,15,Supplier B,10,280,284
80347-012-R00-AZE-FMC-0025ST-1.5G-GMM,TAG TBAG 025/1.5g/12 GREEN TEA MOROCCAN MINT,FINISHED GOODS,2024-05-22,15,Warehouse 1,2024-05-27,29,Supplier E,12,284,298
80347-012-R00-AZE-FMC-0025ST-1.5G-GMM,TAG TBAG 025/1.5g/12 GREEN TEA MOROCCAN MINT,FINISHED GOODS,2024-05-21,30,Warehouse 1,2024-05-15,53,Supplier B,7,298,321
80365-012-R00-QAT-ALM-0020ST-1.5G-GMM,TAG TBAG 020/1.5g/12 GREEN TEA MOROCCAN MINT,FINISHED GOODS,2024-03-27,9,Warehouse 1,2024-03-21,12,Supplier A,5,131,134
80365-012-R00-QAT-ALM-0020ST-1.5G-GMM,TAG TBAG 020/1.5g/12 GREEN TEA MOROCCAN MINT,FINISHED GOODS,2024-06-09,29,Warehouse 1,2024-06-16,30,Supplier E,6,134,135
80365-012-R00-QAT-ALM-0020ST-1.5G-GMM,TAG TBAG 020/1.5g/12 GREEN TEA MOROCCAN MINT,FINISHED GOODS,2024-03-26,46,Warehouse 1,2024-03-16,16,Supplier A,10,135,105
80365-012-R00-QAT-ALM-0020ST-1.5G-GMM,TAG TBAG 020/1.5g/12 GREEN TEA MOROCCAN MINT,FINISHED GOODS,2024-02-12,38,Warehouse 1,2024-02-10,37,Supplier A,3,105,104
80365-012-R00-QAT-ALM-0020ST-1.5G-GMM,TAG TBAG 020/1.5g/12 GREEN TEA MOROCCAN MINT,FINISHED GOODS,2024-07-16,38,Warehouse 1,2024-07-07,15,Supplier A,12,104,81
80371-012-R00-MYS-U&C-0020FE-1.5G-PGT,FOIL ENV TBAG 020/1.5g/12 PURE GREEN,FINISHED GOODS,2024-01-22,9,Warehouse 1,2024-01-27,11,Supplier A,4,390,392
80371-012-R00-MYS-U&C-0020FE-1.5G-PGT,FOIL ENV TBAG 020/1.5g/12 PURE GREEN,FINISHED GOODS,2024-05-23,14,Warehouse 1,2024-05-28,43,Supplier C,9,392,421
80371-012-R00-MYS-U&C-0020FE-1.5G-PGT,FOIL ENV TBAG 020/1.5g/12 PURE GREEN,FINISHED GOODS,2024-10-20,26,Warehouse 1,2024-10-19,21,Supplier C,5,421,416
80371-012-R00-MYS-U&C-0020FE-1.5G-PGT,FOIL ENV TBAG 020/1.5g/12 PURE GREEN,FINISHED GOODS,2024-10-03,36,Warehouse 1,2024-10-12,16,Supplier B,6,416,396
80371-012-R00-MYS-U&C-0020FE-1.5G-PGT,FOIL ENV TBAG 020/1.5g/12 PURE GREEN,FINISHED GOODS,2024-08-19,26,Warehouse 1,2024-08-23,24,Supplier D,14,396,394
80377-012-R00-IDN-EWI-0020FE-1.5G-TRDOLNG,FOIL ENV TBAG 020/1.5g/12 TRADITIONAL OOLONG,FINISHED GOODS,2024-06-16,31,Warehouse 1,2024-06-22,50,Supplier B,11,319,338
80377-012-R00-IDN-EWI-0020FE-1.5G-TRDOLNG,FOIL ENV TBAG 020/1.5g/12 TRADITIONAL OOLONG,FINISHED GOODS,2024-02-13,7,Warehouse 1,2024-02-03,17,Supplier B,6,338,348
80377-012-R00-IDN-EWI-0020FE-1.5G-TRDOLNG,FOIL ENV TBAG 020/1.5g/12 TRADITIONAL OOLONG,FINISHED GOODS,2024-06-15,39,Warehouse 1,2024-06-24,15,Supplier A,13,348,324
80377-012-R00-IDN-EWI-0020FE-1.5G-TRDOLNG,FOIL ENV TBAG 020/1.5g/12 TRADITIONAL OOLONG,FINISHED GOODS,2024-07-15,47,Warehouse 1,2024-07-23,28,Supplier C,10,324,305
80377-012-R00-IDN-EWI-0020FE-1.5G-TRDOLNG,FOIL ENV TBAG 020/1.5g/12 TRADITIONAL OOLONG,FINISHED GOODS,2024-01-08,16,Warehouse 1,2024-01-06,19,Supplier D,7,305,308
80410-006-R00-CHL-PBL-LEAFTE-100G-CGT,LEAF TEA 100g/06 CEYLON GREEN,FINISHED GOODS,2024-02-16,12,Warehouse 1,2024-02-20,18,Supplier B,12,134,140
80410-006-R00-CHL-PBL-LEAFTE-100G-CGT,LEAF TEA 100g/06 CEYLON GREEN,FINISHED GOODS,2024-09-24,24,Warehouse 1,2024-09-15,15,Supplier C,5,140,131
80410-006-R00-CHL-PBL-LEAFTE-100G-CGT,LEAF TEA 100g/06 CEYLON GREEN,FINISHED GOODS,2024-02-09,31,Warehouse 1,2024-02-04,59,Supplier A,14,131,159
80410-006-R00-CHL-PBL-LEAFTE-100G-CGT,LEAF TEA 100g/06 CEYLON GREEN,FINISHED GOODS,2024-04-10,5,Warehouse 1,2024-04-15,17,Supplier C,7,159,171
80410-006-R00-CHL-PBL-LEAFTE-100G-CGT,LEAF TEA 100g/06 CEYLON GREEN,FINISHED GOODS,2024-09-02,8,Warehouse 1,2024-09-10,39,Supplier A,14,171,202
80426-006-R00-AUS-DAU-0025ST-1.5G-PM,TAG TBAG 025/1.5g/06 PEPPERMINT,FINISHED GOODS,2024-03-03,20,Warehouse 1,2024-03-05,10,Supplier E,7,444,434
80426-006-R00-AUS-DAU-0025ST-1.5G-PM,TAG TBAG 025/1.5g/06 PEPPERMINT,FINISHED GOODS,2024-06-10,34,Warehouse 1,2024-06-03,22,Supplier D,8,434,422
80426-006-R00-AUS-DAU-0025ST-1.5G-PM,TAG TBAG 025/1.5g/06 PEPPERMINT,FINISHED GOODS,2024-01-25,35,Warehouse 1,2024-01-17,36,Supplier A,6,422,423
80426-006-R00-AUS-DAU-0025ST-1.5G-PM,TAG TBAG 025/1.5g/06 PEPPERMINT,FINISHED GOODS,2024-06-02,29,Warehouse 1,2024-05-27,29,Supplier C,14,423,423
80426-006-R00-AUS-DAU-0025ST-1.5G-PM,TAG TBAG 025/1.5g/06 PEPPERMINT,FINISHED GOODS,2024-05-13,33,Warehouse 1,2024-05-21,18,Supplier D,14,423,408
80437-012-R00-IDN-EWI-0020ST-1.5G-PM,TAG TBAG 020/1.5g/12 PEPPERMINT,FINISHED GOODS,2024-07-31,15,Warehouse 1,2024-07-22,11,Supplier C,14,426,422
80437-012-R00-IDN-EWI-0020ST-1.5G-PM,TAG TBAG 020/1.5g/12 PEPPERMINT,FINISHED GOODS,2024-10-03,32,Warehouse 1,2024-09-23,39,Supplier E,5,422,429
80437-012-R00-IDN-EWI-0020ST-1.5G-PM,TAG TBAG 020/1.5g/12 PEPPERMINT,FINISHED GOODS,2024-03-15,38,Warehouse 1,2024-03-20,50,Supplier A,7,429,441
80437-012-R00-IDN-EWI-0020ST-1.5G-PM,TAG TBAG 020/1.5g/12 PEPPERMINT,FINISHED GOODS,2024-09-27,48,Warehouse 1,2024-09-19,20,Supplier A,6,441,413
80437-012-R00-IDN-EWI-0020ST-1.5G-PM,TAG TBAG 020/1.5g/12 PEPPERMINT,FINISHED GOODS,2024-03-06,20,Warehouse 1,2024-02-27,43,Supplier D,9,413,436
80440-012-001-000-000-0020FE-1.5G-RH,FOIL ENV TBAG 020/1.5g/12 ROSEHIP,FINISHED GOODS,2024-09-03,24,Warehouse 1,2024-08-26,10,Supplier D,12,250,236
80440-012-001-000-000-0020FE-1.5G-RH,FOIL ENV TBAG 020/1.5g/12 ROSEHIP,FINISHED GOODS,2024-10-20,29,Warehouse 1,2024-10-24,56,Supplier E,5,236,263
80440-012-001-000-000-0020FE-1.5G-RH,FOIL ENV TBAG 020/1.5g/12 ROSEHIP,FINISHED GOODS,2024-02-08,18,Warehouse 1,2024-02-06,45,Supplier C,14,263,290
80440-012-001-000-000-0020FE-1.5G-RH,FOIL ENV TBAG 020/1.5g/12 ROSEHIP,FINISHED GOODS,2024-07-28,17,Warehouse 1,2024-08-05,24,Supplier A,8,290,297
80440-012-001-000-000-0020FE-1.5G-RH,FOIL ENV TBAG 020/1.5g/12 ROSEHIP,FINISHED GOODS,2024-03-31,31,Warehouse 1,2024-03-22,32,Supplier D,7,297,298
80440-012-R00-GRC-AFS-0020FE-1.5G-RH,FOIL ENV TBAG 020/1.5g/12 ROSEHIP,FINISHED GOODS,2024-01-30,39,Warehouse 1,2024-02-02,28,Supplier C,6,377,366
80440-012-R00-GRC-AFS-0020FE-1.5G-RH,FOIL ENV TBAG 020/1.5g/12 ROSEHIP,FINISHED GOODS,2024-09-26,29,Warehouse 1,2024-09-21,49,Supplier A,5,366,386
80440-012-R00-GRC-AFS-0020FE-1.5G-RH,FOIL ENV TBAG 020/1.5g/12 ROSEHIP,FINISHED GOODS,2024-10-01,7,Warehouse 1,2024-09-29,51,Supplier D,6,386,430
80440-012-R00-GRC-AFS-0020FE-1.5G-RH,FOIL ENV TBAG 020/1.5g/12 ROSEHIP,FINISHED GOODS,2024-07-24,49,Warehouse 1,2024-07-22,16,Supplier C,14,430,397
80440-012-R00-GRC-AFS-0020FE-1.5G-RH,FOIL ENV TBAG 020/1.5g/12 ROSEHIP,FINISHED GOODS,2024-04-29,23,Warehouse 1,2024-04-24,56,Supplier E,6,397,430
80440-012-R00-JPN-WCL-0020FE-1.5G-RH,FOIL ENV TBAG 020/1.5g/12 ROSEHIP,FINISHED GOODS,2024-09-21,21,Warehouse 1,2024-09-11,39,Supplier D,11,473,491
80440-012-R00-JPN-WCL-0020FE-1.5G-RH,FOIL ENV TBAG 020/1.5g/12 ROSEHIP,FINISHED GOODS,2024-08-14,18,Warehouse 1,2024-08-12,20,Supplier C,11,491,493
80440-012-R00-JPN-WCL-0020FE-1.5G-RH,FOIL ENV TBAG 020/1.5g/12 ROSEHIP,FINISHED GOODS,2024-09-20,8,Warehouse 1,2024-09-11,13,Supplier A,8,493,498
80440-012-R00-JPN-WCL-0020FE-1.5G-RH,FOIL ENV TBAG 020/1.5g/12 ROSEHIP,FINISHED GOODS,2024-03-02,45,Warehouse 1,2024-03-08,25,Supplier D,5,498,478
80440-012-R00-JPN-WCL-0020FE-1.5G-RH,FOIL ENV TBAG 020/1.5g/12 ROSEHIP,FINISHED GOODS,2024-02-19,15,Warehouse 1,2024-02-13,55,Supplier D,7,478,518
80440-012-R00-POL-GFS-0020FE-1.5G-RH,FOIL ENV TBAG 020/1.5g/12 ROSEHIP,FINISHED GOODS,2024-02-04,37,Warehouse 1,2024-02-10,18,Supplier B,10,221,202
80440-012-R00-POL-GFS-0020FE-1.5G-RH,FOIL ENV TBAG 020/1.5g/12 ROSEHIP,FINISHED GOODS,2024-01-08,36,Warehouse 1,2024-01-10,10,Supplier D,8,202,176
80440-012-R00-POL-GFS-0020FE-1.5G-RH,FOIL ENV TBAG 020/1.5g/12 ROSEHIP,FINISHED GOODS,2024-02-16,16,Warehouse 1,2024-02-20,55,Supplier A,5,176,215
80440-012-R00-POL-GFS-0020FE-1.5G-RH,FOIL ENV TBAG 020/1.5g/12 ROSEHIP,FINISHED GOODS,2024-08-19,30,Warehouse 1,2024-08-27,38,Supplier D,11,215,223
80440-012-R00-POL-GFS-0020FE-1.5G-RH,FOIL ENV TBAG 020/1.5g/12 ROSEHIP,FINISHED GOODS,2024-01-28,33,Warehouse 1,2024-01-21,13,Supplier D,5,223,203
80442-012-R00-CZE-ESR-0020FE-1.5G-NSB,FOIL ENV TBAG 020/1.5g/12 NATURALLY SPICY BERRY,FINISHED GOODS,2024-06-10,48,Warehouse 1,2024-06-08,11,Supplier A,10,391,354
80442-012-R00-CZE-ESR-0020FE-1.5G-NSB,FOIL ENV TBAG 020/1.5g/12 NATURALLY SPICY BERRY,FINISHED GOODS,2024-09-18,27,Warehouse 1,2024-09-25,47,Supplier A,14,354,374
80442-012-R00-CZE-ESR-0020FE-1.5G-NSB,FOIL ENV TBAG 020/1.5g/12 NATURALLY SPICY BERRY,FINISHED GOODS,2024-10-09,10,Warehouse 1,2024-10-06,35,Supplier C,14,374,399
80442-012-R00-CZE-ESR-0020FE-1.5G-NSB,FOIL ENV TBAG 020/1.5g/12 NATURALLY SPICY BERRY,FINISHED GOODS,2024-04-02,46,Warehouse 1,2024-04-04,10,Supplier A,5,399,363
80442-012-R00-CZE-ESR-0020FE-1.5G-NSB,FOIL ENV TBAG 020/1.5g/12 NATURALLY SPICY BERRY,FINISHED GOODS,2024-10-17,44,Warehouse 1,2024-10-22,23,Supplier E,6,363,342
